symbol,adx_len,atr_len,ema_len,rsi_len,dmi_len,st_atr_len,st_mult,adx_trend,adx_range,bbwpct_min,rsi_oversold,rsi_overbought,sma_trend_len,mr_trail_mult,risk_pct,trail_mult,max_bars_in_trade,dead_money_pct,n_windows,mean_oos_sharpe,mean_oos_total_return,mean_oos_max_dd_pct,sum_oos_n_trades,pct_oos_positive,robustness_score
AUDCAD_X_weekly,10,10,50,5,20,20,2.0,30.0,20.0,0.1,5,85,100,1.5,2.0,3.0,30,0.25,4,-0.37842792220317967,-0.004167669189235359,-2.4718871849789257,6,0.25,-0.18921396110158983
AUDCAD_X_weekly,20,20,200,3,14,10,3.0,25.0,15.0,0.2,10,85,200,1.5,1.0,2.0,30,1.0,4,0.0926403587957883,0.00408195339799081,-1.103866116678248,5,0.5,0.0926403587957883
AUDCAD_X_weekly,20,20,50,5,14,20,4.0,25.0,15.0,0.2,10,95,200,1.5,0.5,2.0,10,0.5,4,0.09619625718119279,0.002081920208163592,-0.5524003102820582,5,0.5,0.09619625718119279
AUDCAD_X_weekly,20,10,200,5,20,20,2.0,20.0,15.0,0.1,5,85,100,1.0,0.5,1.5,20,1.0,4,0.04838424534329672,0.0023396431355546614,-0.9109678650015101,8,0.5,0.04838424534329672
AUDCAD_X_weekly,10,20,50,3,14,20,4.0,20.0,15.0,0.2,10,90,200,1.5,0.5,2.0,20,1.0,4,0.0901722778174106,0.0020441759906386775,-0.554777677276174,5,0.5,0.0901722778174106
AUDCAD_X_weekly,14,20,50,5,10,20,2.0,20.0,20.0,0.1,15,85,200,1.0,2.0,3.0,10,0.25,4,-0.21707656198613068,-0.0013988074923771375,-2.407254765720154,7,0.25,-0.10853828099306534
AUDCAD_X_weekly,14,20,50,5,14,14,2.0,25.0,20.0,0.05,5,95,100,1.0,1.0,1.5,10,0.25,4,0.06859743436451332,0.006110593765089378,-1.4067746846051206,6,0.75,0.10289615154676998
AUDCAD_X_weekly,10,14,50,5,10,14,2.0,20.0,15.0,0.1,15,90,200,1.0,2.0,2.0,30,1.0,4,-0.07494457817051203,0.0024976154487376338,-2.924573182954536,7,0.25,-0.037472289085256016
AUDCAD_X_weekly,20,10,50,5,10,20,3.0,20.0,15.0,0.1,15,95,200,1.5,1.0,3.0,30,0.5,4,-0.37720792255737884,-0.0024343864083191417,-1.3354593132972918,7,0.25,-0.18860396127868942
AUDCAD_X_weekly,10,14,50,5,20,10,3.0,25.0,20.0,0.2,15,90,100,1.0,1.0,2.0,30,0.5,4,-0.07530783364104254,0.0017760583778634103,-1.348173727747553,6,0.25,-0.03765391682052127
AUDCAD_X_weekly,20,20,50,5,20,14,3.0,25.0,15.0,0.1,10,95,200,1.5,2.0,1.5,30,0.25,4,0.1599323480874565,0.012285104181657881,-3.2657371002098476,7,0.25,0.07996617404372824
AUDCAD_X_weekly,10,14,200,3,14,20,2.0,25.0,20.0,0.2,15,95,100,1.0,2.0,2.0,10,0.5,4,0.11348237418822443,0.00860340078687409,-2.165909627847673,5,0.5,0.11348237418822443
AUDCAD_X_weekly,14,14,50,5,10,20,3.0,20.0,15.0,0.05,5,90,200,2.0,1.0,2.0,10,1.0,4,-0.45548856472598853,-0.0057426752141151605,-1.3213583273458058,8,0.25,-0.22774428236299427
AUDCAD_X_weekly,10,10,200,5,20,10,4.0,30.0,18.0,0.2,15,90,200,1.0,1.0,1.5,30,0.25,4,-0.0628641478957217,0.003977953672724015,-1.6521045521299083,7,0.5,-0.0628641478957217
AUDCAD_X_weekly,20,14,100,5,20,20,2.0,20.0,18.0,0.1,10,90,200,1.0,2.0,3.0,30,0.5,4,-0.3382294219309797,-0.003903180201474425,-2.648173891267681,7,0.25,-0.16911471096548986
AUDCAD_X_weekly,20,20,100,3,20,10,2.0,25.0,15.0,0.2,15,85,100,1.5,1.0,2.0,30,0.25,4,0.0926403587957883,0.00408195339799081,-1.103866116678248,5,0.5,0.0926403587957883
AUDCAD_X_weekly,20,14,50,3,14,10,3.0,25.0,20.0,0.05,5,95,200,2.0,1.0,3.0,10,0.5,4,-0.0954609193596127,0.0007655705742703953,-0.9516389626480888,5,0.25,-0.04773045967980635
AUDCAD_X_weekly,20,20,200,3,10,14,3.0,20.0,18.0,0.1,10,90,100,2.0,1.0,1.5,10,0.5,4,-0.02309903840343336,0.004767915484377589,-1.192412782050394,5,0.25,-0.01154951920171668
AUDCAD_X_weekly,20,10,50,5,14,14,2.0,25.0,15.0,0.1,10,90,200,2.0,2.0,1.5,30,1.0,4,0.09572513966491353,0.013271623933885032,-2.7419491291331184,6,0.75,0.1435877094973703
AUDCAD_X_weekly,14,10,100,5,20,14,4.0,30.0,20.0,0.05,15,85,200,1.0,1.0,3.0,10,0.25,4,-0.33009535865501677,-0.0015601691715262855,-1.1930321599232652,6,0.25,-0.16504767932750838
AUDCAD_X_weekly,14,14,50,3,14,10,4.0,20.0,20.0,0.2,5,85,200,1.0,0.5,3.0,10,1.0,4,-0.3042144251469255,-0.0015509580426924913,-0.44618302378867036,5,0.5,-0.3042144251469255
AUDCAD_X_weekly,14,10,100,3,20,10,2.0,20.0,15.0,0.1,15,95,200,1.5,2.0,2.0,30,1.0,4,0.1274741028167766,0.009061605615051212,-2.1463906884351216,5,0.5,0.1274741028167766
AUDCAD_X_weekly,20,10,100,5,10,14,2.0,20.0,20.0,0.1,5,90,200,1.5,0.5,3.0,30,0.5,4,-0.3783503885686909,-0.0012178493326076476,-0.6700949587852438,7,0.25,-0.18917519428434545
AUDCAD_X_weekly,10,10,200,5,20,20,3.0,25.0,15.0,0.1,5,90,100,2.0,0.5,2.0,20,0.5,4,-0.060658467009143735,0.0010079867006947555,-0.6727509204482697,6,0.25,-0.030329233504571868
AUDCAD_X_weekly,20,14,100,3,20,14,2.0,30.0,20.0,0.05,10,85,200,2.0,1.0,1.5,30,0.25,4,0.07794133339379716,0.006294391262991941,-1.4027582017528712,6,0.75,0.11691200009069574
AUDCAD_X_weekly,20,20,50,5,14,14,3.0,20.0,18.0,0.2,10,90,100,2.0,1.0,3.0,20,0.5,4,0.08979040626206264,0.00239093375657153,-1.0643794778355895,6,0.5,0.08979040626206264
AUDCHF_X_weekly,10,10,50,5,20,20,2.0,30.0,20.0,0.1,5,85,100,1.5,2.0,3.0,30,0.25,4,-0.1344493391343688,-0.004195285442052636,-2.0314945581123354,5,0.5,-0.1344493391343688
AUDCHF_X_weekly,20,20,50,5,14,20,4.0,25.0,15.0,0.2,10,95,200,1.5,0.5,2.0,10,0.5,4,0.027198296747961925,8.427574162433332e-05,-0.5539981501610277,5,0.5,0.027198296747961925
AUDCHF_X_weekly,14,20,50,5,10,20,2.0,20.0,20.0,0.1,15,85,200,1.0,2.0,3.0,10,0.25,4,-0.08056899031656145,-0.004122057278971353,-1.9606887999758027,5,0.5,-0.08056899031656145
AUDCHF_X_weekly,14,20,50,5,14,14,2.0,25.0,20.0,0.05,5,95,100,1.0,1.0,1.5,10,0.25,4,0.13375311182600452,0.003212235809590038,-1.1732050076190585,5,0.5,0.13375311182600452
AUDCHF_X_weekly,10,14,50,5,10,14,2.0,20.0,15.0,0.1,15,90,200,1.0,2.0,2.0,30,1.0,4,0.09068404641565275,0.0018707776198487415,-2.2317138194982866,5,0.5,0.09068404641565275
AUDCHF_X_weekly,20,10,50,5,10,20,3.0,20.0,15.0,0.1,15,95,200,1.5,1.0,3.0,30,0.5,4,-0.09267588384553099,-0.0017901730715734168,-1.0177548670260181,5,0.5,-0.09267588384553099
AUDCHF_X_weekly,10,14,50,5,20,10,3.0,25.0,20.0,0.2,15,90,100,1.0,1.0,2.0,30,0.5,4,0.02361723929331666,0.00045240955824315263,-1.1294582386476428,5,0.5,0.02361723929331666
AUDCHF_X_weekly,20,20,50,5,20,14,3.0,25.0,15.0,0.1,10,95,200,1.5,2.0,1.5,30,0.25,4,0.13997533931718187,0.006466684880021695,-2.3216586877136915,5,0.5,0.13997533931718187
AUDCHF_X_weekly,14,14,50,5,10,20,3.0,20.0,15.0,0.05,5,90,200,2.0,1.0,2.0,10,1.0,4,0.08521189653543831,0.0009180121428767961,-1.1266012435078911,5,0.5,0.08521189653543831
AUDCHF_X_weekly,20,20,50,5,10,20,2.0,25.0,15.0,0.1,5,85,200,2.0,1.0,3.0,20,0.25,4,-0.08367043897447879,-0.0020807458263454918,-0.9866901112601133,5,0.5,-0.08367043897447879
AUDCHF_X_weekly,20,10,50,5,14,14,2.0,25.0,15.0,0.1,10,90,200,2.0,2.0,1.5,30,1.0,4,0.13311424711923786,0.007880024055491822,-2.420575847564102,5,0.5,0.13311424711923786
AUDCHF_X_weekly,20,20,50,5,14,14,3.0,20.0,18.0,0.2,10,90,100,2.0,1.0,3.0,20,0.5,4,-0.1309487278092707,-0.0023946368416626683,-0.9881502182916967,5,0.5,-0.1309487278092707
AUDUSD_X_weekly,10,20,100,3,10,20,2.0,25.0,20.0,0.1,15,85,200,1.5,2.0,3.0,10,0.5,4,-0.2543456600546653,-0.0012069473679167013,-1.834609932113799,5,0.5,-0.2543456600546653
AUDUSD_X_weekly,20,10,200,5,20,20,2.0,20.0,15.0,0.1,5,85,100,1.0,0.5,1.5,20,1.0,4,0.08183758545452177,0.0011686325757003487,-0.45678393815233354,5,0.5,0.08183758545452177
AUDUSD_X_weekly,14,20,50,5,10,20,2.0,20.0,20.0,0.1,15,85,200,1.0,2.0,3.0,10,0.25,4,-0.4968509692369124,-0.004226179369297962,-1.8071672558099714,5,0.5,-0.4968509692369124
AUDUSD_X_weekly,14,14,50,5,10,20,3.0,20.0,15.0,0.05,5,90,200,2.0,1.0,2.0,10,1.0,4,-0.31678899414469497,0.0002672683033973955,-1.034066229236421,5,0.5,-0.31678899414469497
AUDUSD_X_weekly,10,10,200,5,20,10,4.0,30.0,18.0,0.2,15,90,200,1.0,1.0,1.5,30,0.25,4,0.08371491486679027,0.0023215300751941413,-0.9104323695029315,5,0.5,0.08371491486679027
BZ_F_weekly,10,20,50,3,10,14,4.0,25.0,18.0,0.2,5,85,200,1.5,1.0,1.5,20,0.25,4,1.0885486892694376,0.03189836771751821,-1.0485657619338764,5,0.75,1.6328230339041565
BZ_F_weekly,20,10,200,5,20,20,2.0,20.0,15.0,0.1,5,85,100,1.0,0.5,1.5,20,1.0,4,0.8985783107868335,0.014798594187480285,-0.6513473726115382,5,0.75,1.3478674661802503
BZ_F_weekly,14,20,50,5,14,14,2.0,25.0,20.0,0.05,5,95,100,1.0,1.0,1.5,10,0.25,4,0.9622918787377086,0.027519706331299083,-0.9476600924938876,5,0.75,1.4434378181065628
BZ_F_weekly,14,14,100,2,10,14,4.0,25.0,20.0,0.1,10,90,100,1.0,2.0,1.5,30,1.0,4,0.8835449490138002,0.05223687689850562,-2.2323260176901605,5,0.75,1.3253174235207004
BZ_F_weekly,10,14,50,5,10,14,2.0,20.0,15.0,0.1,15,90,200,1.0,2.0,2.0,30,1.0,4,0.7711393197920058,0.0262818569524999,-1.5547005938583778,6,0.75,1.1567089796880086
BZ_F_weekly,10,14,50,5,20,10,3.0,25.0,20.0,0.2,15,90,100,1.0,1.0,2.0,30,0.5,4,0.23567270237889576,0.00703942909147927,-0.8159192045698969,5,0.25,0.11783635118944788
BZ_F_weekly,20,20,50,5,20,14,3.0,25.0,15.0,0.1,10,95,200,1.5,2.0,1.5,30,0.25,4,1.340485955051331,0.08402010805431682,-1.824012122922523,6,0.75,2.0107289325769964
BZ_F_weekly,14,14,50,5,10,20,3.0,20.0,15.0,0.05,5,90,200,2.0,1.0,2.0,10,1.0,4,0.708713029247972,0.011746123718972558,-0.9052162845899128,7,0.5,0.708713029247972
BZ_F_weekly,10,10,200,5,20,10,4.0,30.0,18.0,0.2,15,90,200,1.0,1.0,1.5,30,0.25,4,0.907842462612825,0.029748022472747517,-1.2600758491496078,5,0.75,1.3617636939192375
BZ_F_weekly,20,20,200,3,10,14,3.0,20.0,18.0,0.1,10,90,100,2.0,1.0,1.5,10,0.5,4,1.117489364484895,0.03227431935515915,-1.1119919427533436,6,0.75,1.6762340467273427
BZ_F_weekly,20,10,50,5,14,14,2.0,25.0,15.0,0.1,10,90,200,2.0,2.0,1.5,30,1.0,4,0.7436064105423583,0.045729251053714226,-2.242387519565291,5,0.75,1.1154096158135376
CADJPY_X_weekly,14,14,50,5,10,20,3.0,20.0,15.0,0.05,5,90,200,2.0,1.0,2.0,10,1.0,4,0.5469593446801965,0.010454399901717853,-0.8846611442754846,5,0.75,0.8204390170202946
CHFJPY_X_weekly,14,20,50,5,14,14,2.0,25.0,20.0,0.05,5,95,100,1.0,1.0,1.5,10,0.25,4,0.6686889988348121,0.020035388105547735,-0.9760275468498687,5,0.75,1.0030334982522182
CHFJPY_X_weekly,10,14,50,5,10,14,2.0,20.0,15.0,0.1,15,90,200,1.0,2.0,2.0,30,1.0,4,1.0412346312435798,0.042315956652423804,-1.847910209696293,6,0.75,1.5618519468653698
CHFJPY_X_weekly,20,10,50,5,10,20,3.0,20.0,15.0,0.1,15,95,200,1.5,1.0,3.0,30,0.5,4,0.9643266366150212,0.013282293620522887,-0.6572808982527798,5,0.75,1.4464899549225319
CHFJPY_X_weekly,10,14,50,3,10,10,4.0,20.0,20.0,0.05,15,90,100,2.0,2.0,2.0,20,0.25,4,0.7873319656765954,0.034250111573922645,-1.7433786139004697,5,0.75,1.180997948514893
CHFJPY_X_weekly,14,14,50,5,10,20,3.0,20.0,15.0,0.05,5,90,200,2.0,1.0,2.0,10,1.0,4,0.8500789313100892,0.017289396682127655,-0.9971830856159789,6,0.75,1.2751183969651336
CHFJPY_X_weekly,10,14,50,5,10,20,2.0,30.0,15.0,0.2,10,90,100,2.0,0.5,2.0,10,0.25,4,0.4952021247890824,0.007462629650455892,-0.46175903840481936,5,0.75,0.7428031871836236
CHFJPY_X_weekly,20,10,50,5,14,14,2.0,25.0,15.0,0.1,10,90,200,2.0,2.0,1.5,30,1.0,4,0.6899402440993947,0.04147230725303948,-1.870943092098635,5,0.75,1.034910366149092
CL_F_weekly,14,14,100,2,10,14,4.0,25.0,20.0,0.1,10,90,100,1.0,2.0,1.5,30,1.0,4,0.5789583183728213,0.03889378978709861,-2.4784968438560147,5,0.5,0.5789583183728213
CT_F_weekly,20,10,200,5,20,20,2.0,20.0,15.0,0.1,5,85,100,1.0,0.5,1.5,20,1.0,4,0.4891860290754922,0.00801154263840699,-0.5599267554306836,7,0.5,0.4891860290754922
CT_F_weekly,14,20,50,5,10,20,2.0,20.0,20.0,0.1,15,85,200,1.0,2.0,3.0,10,0.25,4,-0.2790248860891251,-0.0024860890456750895,-1.4799871629455221,5,0.25,-0.13951244304456256
CT_F_weekly,10,14,50,5,10,14,2.0,20.0,15.0,0.1,15,90,200,1.0,2.0,2.0,30,1.0,4,-0.15108751712361312,0.004935513443677429,-1.775830909870954,5,0.25,-0.07554375856180656
CT_F_weekly,20,10,50,5,10,20,3.0,20.0,15.0,0.1,15,95,200,1.5,1.0,3.0,30,0.5,4,-0.1993834005609436,-0.0006832207150867816,-0.7698019894384919,5,0.25,-0.0996917002804718
CT_F_weekly,10,14,50,5,20,10,3.0,25.0,20.0,0.2,15,90,100,1.0,1.0,2.0,30,0.5,4,-0.1538381717431443,0.0024433309183156775,-0.8879518631959921,5,0.25,-0.07691908587157215
CT_F_weekly,20,20,50,5,20,14,3.0,25.0,15.0,0.1,10,95,200,1.5,2.0,1.5,30,0.25,4,-0.3315292247394593,0.005755414215806016,-2.4073335149078328,6,0.25,-0.16576461236972964
CT_F_weekly,14,14,50,5,10,20,3.0,20.0,15.0,0.05,5,90,200,2.0,1.0,2.0,10,1.0,4,-0.34176418714534573,0.0008600467028183172,-0.9957484321404557,7,0.25,-0.17088209357267287
CT_F_weekly,10,10,200,5,20,10,4.0,30.0,18.0,0.2,15,90,200,1.0,1.0,1.5,30,0.25,4,-0.027486915481883117,0.005310635750467509,-0.9655488943760016,5,0.25,-0.013743457740941559
CT_F_weekly,20,14,100,5,20,20,2.0,20.0,18.0,0.1,10,90,200,1.0,2.0,3.0,30,0.5,4,0.010509054609825513,0.0038530070923171473,-1.667594396296772,5,0.5,0.010509054609825513
CT_F_weekly,20,10,100,5,10,14,2.0,20.0,20.0,0.1,5,90,200,1.5,0.5,3.0,30,0.5,4,-0.19779774341665024,-0.00036603616106644943,-0.385608609821097,5,0.25,-0.09889887170832512
CT_F_weekly,10,10,200,5,20,20,3.0,25.0,15.0,0.1,5,90,100,2.0,0.5,2.0,20,0.5,4,-0.069986348764805,0.001619911372186698,-0.4231066322224297,5,0.25,-0.0349931743824025
EURAUD_X_weekly,20,20,50,5,14,20,4.0,25.0,15.0,0.2,10,95,200,1.5,0.5,2.0,10,0.5,4,-0.20750929454565278,-0.0005816288482060371,-0.42757249759510774,5,0.5,-0.20750929454565278
EURAUD_X_weekly,20,10,200,5,20,20,2.0,20.0,15.0,0.1,5,85,100,1.0,0.5,1.5,20,1.0,4,-0.5595522427272144,-0.0015870005401443905,-0.5975394395936255,5,0.25,-0.2797761213636072
EURAUD_X_weekly,14,20,50,5,14,14,2.0,25.0,20.0,0.05,5,95,100,1.0,1.0,1.5,10,0.25,4,-0.10018478828279948,0.00039914539315413994,-0.945620087518589,6,0.5,-0.10018478828279948
EURAUD_X_weekly,14,14,200,5,10,14,4.0,25.0,15.0,0.1,5,90,100,1.0,2.0,1.5,10,0.25,4,0.012270126583278973,0.008066003003395463,-1.9257229016867234,6,0.5,0.012270126583278973
EURAUD_X_weekly,10,14,50,5,10,14,2.0,20.0,15.0,0.1,15,90,200,1.0,2.0,2.0,30,1.0,4,-0.23180263176049792,-0.0035474502392249174,-1.7484913807489888,5,0.25,-0.11590131588024896
EURAUD_X_weekly,14,14,50,5,10,20,3.0,20.0,15.0,0.05,5,90,200,2.0,1.0,2.0,10,1.0,4,-0.09844638018893132,0.0012321599359682751,-0.9366396851843104,6,0.5,-0.09844638018893132
EURAUD_X_weekly,20,10,50,5,14,14,2.0,25.0,15.0,0.1,10,90,200,2.0,2.0,1.5,30,1.0,4,-0.10874682394578142,3.0314798192421048e-05,-1.8637622674435823,6,0.5,-0.10874682394578142
EURCAD_X_weekly,20,20,200,3,14,10,3.0,25.0,15.0,0.2,10,85,200,1.5,1.0,2.0,30,1.0,4,-0.010804619580271763,0.0005999855043431126,-0.8420324699271533,5,0.25,-0.005402309790135881
EURCAD_X_weekly,10,20,100,3,10,20,2.0,25.0,20.0,0.1,15,85,200,1.5,2.0,3.0,10,0.5,4,0.057625477032790404,0.002700946871994439,-1.4119917289643424,5,0.5,0.057625477032790404
EURCAD_X_weekly,20,20,50,5,14,20,4.0,25.0,15.0,0.2,10,95,200,1.5,0.5,2.0,10,0.5,4,-0.45148684825502466,-0.00141996110054788,-0.5826171428566819,7,0.25,-0.22574342412751233
EURCAD_X_weekly,20,10,200,5,20,20,2.0,20.0,15.0,0.1,5,85,100,1.0,0.5,1.5,20,1.0,4,0.13844815229574653,0.002214953234509403,-0.6825913133391374,7,0.25,0.06922407614787326
EURCAD_X_weekly,10,20,50,3,14,20,4.0,20.0,15.0,0.2,10,90,200,1.5,0.5,2.0,20,1.0,4,-0.07364821476937772,-0.0003071894520883234,-0.4570758143286169,6,0.25,-0.03682410738468886
EURCAD_X_weekly,14,20,50,5,10,20,2.0,20.0,20.0,0.1,15,85,200,1.0,2.0,3.0,10,0.25,4,-0.15128294272833842,-0.0020504051591857205,-1.8970584267462922,6,0.25,-0.07564147136416921
EURCAD_X_weekly,14,20,50,5,14,14,2.0,25.0,20.0,0.05,5,95,100,1.0,1.0,1.5,10,0.25,4,-0.2453203696991145,0.0026004613254684045,-1.2102575748192645,8,0.5,-0.2453203696991145
EURCAD_X_weekly,14,14,200,5,10,14,4.0,25.0,15.0,0.1,5,90,100,1.0,2.0,1.5,10,0.25,4,-0.4326485305681041,-0.00520681490282791,-2.52974807358992,6,0.25,-0.21632426528405205
EURCAD_X_weekly,10,14,50,5,10,14,2.0,20.0,15.0,0.1,15,90,200,1.0,2.0,2.0,30,1.0,4,-0.19146758329637253,0.0024502341427010826,-2.2460226007900728,7,0.5,-0.19146758329637253
EURCAD_X_weekly,20,10,50,5,10,20,3.0,20.0,15.0,0.1,15,95,200,1.5,1.0,3.0,30,0.5,4,-0.08710066274066955,-0.0002805042089532889,-0.8760564853539108,5,0.25,-0.043550331370334774
EURCAD_X_weekly,10,14,50,5,20,10,3.0,25.0,20.0,0.2,15,90,100,1.0,1.0,2.0,30,0.5,4,-0.21816442884034423,0.0009984431434027102,-0.8816211866340835,5,0.5,-0.21816442884034423
EURCAD_X_weekly,20,20,50,5,20,14,3.0,25.0,15.0,0.1,10,95,200,1.5,2.0,1.5,30,0.25,4,-0.19348232447764224,0.0038191140681036817,-2.2039291326064547,6,0.25,-0.09674116223882112
EURCAD_X_weekly,10,14,200,3,14,20,2.0,25.0,20.0,0.2,15,95,100,1.0,2.0,2.0,10,0.5,4,-0.060602891029795186,-0.000254519863073256,-1.7917430170210285,6,0.25,-0.030301445514897593
EURCAD_X_weekly,20,20,50,3,10,14,3.0,25.0,20.0,0.1,10,85,100,2.0,2.0,3.0,10,0.25,4,-0.09735956184891935,0.00035185948234998194,-1.4643656384402768,5,0.5,-0.09735956184891935
EURCAD_X_weekly,10,14,50,3,10,10,4.0,20.0,20.0,0.05,15,90,100,2.0,2.0,2.0,20,0.25,4,-0.2837679201778985,-0.0033105721363799606,-2.045456028795007,6,0.25,-0.14188396008894924
EURCAD_X_weekly,14,14,50,5,10,20,3.0,20.0,15.0,0.05,5,90,200,2.0,1.0,2.0,10,1.0,4,-0.5245926033848199,-0.003682008846024201,-1.1985660865004744,7,0.25,-0.26229630169240997
EURCAD_X_weekly,10,10,100,3,10,10,2.0,25.0,20.0,0.2,5,90,100,1.0,2.0,3.0,20,0.5,4,0.47988300269611284,0.0042423871196255285,-1.1664893182933957,5,0.75,0.7198245040441693
EURCAD_X_weekly,20,20,100,3,20,10,2.0,25.0,15.0,0.2,15,85,100,1.5,1.0,2.0,30,0.25,4,0.2989565684962045,0.004658627310035035,-0.8035695545404593,5,0.75,0.4484348527443067
EURCAD_X_weekly,20,14,50,3,14,10,3.0,25.0,20.0,0.05,5,95,200,2.0,1.0,3.0,10,0.5,4,-0.11173187743926624,-0.001020473901622381,-0.7624070742578151,5,0.25,-0.05586593871963312
EURCAD_X_weekly,20,20,200,3,10,14,3.0,20.0,18.0,0.1,10,90,100,2.0,1.0,1.5,10,0.5,4,-0.3174370664338051,-0.002064751138387419,-1.1592174743175745,8,0.25,-0.15871853321690255
EURCAD_X_weekly,10,14,50,5,10,20,2.0,30.0,15.0,0.2,10,90,100,2.0,0.5,2.0,10,0.25,4,-0.18084464308592454,0.0003439269016920661,-0.3808514630781934,5,0.25,-0.09042232154296227
EURCAD_X_weekly,20,10,50,5,14,14,2.0,25.0,15.0,0.1,10,90,200,2.0,2.0,1.5,30,1.0,4,-0.24611928559583085,0.004857111448501656,-2.348435653138502,7,0.5,-0.24611928559583085
EURCAD_X_weekly,14,14,50,3,14,10,4.0,20.0,20.0,0.2,5,85,200,1.0,0.5,3.0,10,1.0,4,0.27791960584666153,0.00033755907004920133,-0.3489811840463779,6,0.5,0.27791960584666153
EURCAD_X_weekly,14,10,100,3,20,10,2.0,20.0,15.0,0.1,15,95,200,1.5,2.0,2.0,30,1.0,4,0.31327830322502104,0.00980346315532829,-1.6049602217147991,5,0.75,0.46991745483753156
EURCAD_X_weekly,20,10,100,5,10,14,2.0,20.0,20.0,0.1,5,90,200,1.5,0.5,3.0,30,0.5,4,-0.08924613271645335,-0.0001388749824716343,-0.4387962753348069,5,0.25,-0.04462306635822667
EURCAD_X_weekly,10,10,200,5,20,20,3.0,25.0,15.0,0.1,5,90,100,2.0,0.5,2.0,20,0.5,4,0.15174187923788157,0.0015210491935173651,-0.518724395604518,6,0.5,0.15174187923788157
EURCAD_X_weekly,20,20,50,5,14,14,3.0,20.0,18.0,0.2,10,90,100,2.0,1.0,3.0,20,0.5,4,-0.16841409198760243,-0.001400102529924743,-0.9614860484595322,6,0.25,-0.08420704599380122
EURCHF_X_weekly,10,20,100,3,10,20,2.0,25.0,20.0,0.1,15,85,200,1.5,2.0,3.0,10,0.5,4,-0.43950703447105194,-0.008367308894031157,-1.469320023354927,5,0.25,-0.21975351723552597
EURCHF_X_weekly,20,20,50,5,14,20,4.0,25.0,15.0,0.2,10,95,200,1.5,0.5,2.0,10,0.5,4,-0.10038203641878232,-0.000605024820530525,-0.47488072511544066,7,0.75,-0.1505730546281735
EURCHF_X_weekly,20,10,200,5,20,20,2.0,20.0,15.0,0.1,5,85,100,1.0,0.5,1.5,20,1.0,4,-0.24136756836451756,-0.0015724886613542367,-0.5460827259579741,5,0.25,-0.12068378418225878
EURCHF_X_weekly,14,20,50,5,10,20,2.0,20.0,20.0,0.1,15,85,200,1.0,2.0,3.0,10,0.25,4,-0.3844069988366473,-0.00796186448907556,-2.082969963937595,8,0.0,-0.0
EURCHF_X_weekly,14,20,50,5,14,14,2.0,25.0,20.0,0.05,5,95,100,1.0,1.0,1.5,10,0.25,4,-0.22561288313551686,-0.0035226790633731526,-1.2644443001203136,6,0.25,-0.11280644156775843
EURCHF_X_weekly,14,14,200,5,10,14,4.0,25.0,15.0,0.1,5,90,100,1.0,2.0,1.5,10,0.25,4,-0.17433162672642213,-0.004982613884862803,-2.581868351793018,6,0.25,-0.08716581336321107
EURCHF_X_weekly,10,14,50,5,10,14,2.0,20.0,15.0,0.1,15,90,200,1.0,2.0,2.0,30,1.0,4,-0.3782158160609824,-0.011278168169562286,-3.0426333708628213,8,0.25,-0.1891079080304912
EURCHF_X_weekly,20,10,50,5,10,20,3.0,20.0,15.0,0.1,15,95,200,1.5,1.0,3.0,30,0.5,4,-0.12557099768247232,-0.0015051457675764597,-1.024569151363628,6,0.5,-0.12557099768247232
EURCHF_X_weekly,10,14,50,5,20,10,3.0,25.0,20.0,0.2,15,90,100,1.0,1.0,2.0,30,0.5,4,-0.36982410564208174,-0.004475075073900644,-1.0090242064208468,5,0.25,-0.18491205282104087
EURCHF_X_weekly,20,20,50,5,20,14,3.0,25.0,15.0,0.1,10,95,200,1.5,2.0,1.5,30,0.25,4,-0.2809343155009983,-0.008568071398126539,-2.592532648991265,6,0.25,-0.14046715775049914
EURCHF_X_weekly,14,14,50,5,10,20,3.0,20.0,15.0,0.05,5,90,200,2.0,1.0,2.0,10,1.0,4,-0.20999798962154131,-0.0027424056586138248,-1.234906830885977,9,0.5,-0.20999798962154131
EURCHF_X_weekly,10,10,200,5,20,10,4.0,30.0,18.0,0.2,15,90,200,1.0,1.0,1.5,30,0.25,4,-0.17218046952272148,-0.0024984830493836397,-1.0895779091195121,5,0.25,-0.08609023476136074
EURCHF_X_weekly,20,20,50,5,10,20,2.0,25.0,15.0,0.1,5,85,200,2.0,1.0,3.0,20,0.25,4,-0.5275287619797465,-0.0060333925045926665,-1.1792743160735513,7,0.0,-0.0
EURCHF_X_weekly,20,20,200,3,10,14,3.0,20.0,18.0,0.1,10,90,100,2.0,1.0,1.5,10,0.5,4,-0.20219101686670288,-0.0032337626141103557,-0.959153641625099,5,0.25,-0.10109550843335144
EURCHF_X_weekly,10,14,50,5,10,20,2.0,30.0,15.0,0.2,10,90,100,2.0,0.5,2.0,10,0.25,4,-0.061806052955369895,-0.0002784494091526994,-0.4301328289144973,5,0.25,-0.030903026477684947
EURCHF_X_weekly,20,10,50,5,14,14,2.0,25.0,15.0,0.1,10,90,200,2.0,2.0,1.5,30,1.0,4,-0.09130962815649288,-0.0025704732580933533,-2.28168416385861,6,0.5,-0.09130962815649288
EURCHF_X_weekly,14,10,100,5,20,14,4.0,30.0,20.0,0.05,15,85,200,1.0,1.0,3.0,10,0.25,4,-0.3534208364570438,-0.0035532045105225282,-0.7291549063184882,5,0.0,-0.0
EURCHF_X_weekly,20,10,100,5,10,14,2.0,20.0,20.0,0.1,5,90,200,1.5,0.5,3.0,30,0.5,4,-0.12786766570137165,-0.0007523112630181459,-0.5142392159207179,6,0.5,-0.12786766570137165
EURCHF_X_weekly,10,10,200,5,20,20,3.0,25.0,15.0,0.1,5,90,100,2.0,0.5,2.0,20,0.5,4,-0.37016974428738125,-0.0022324456649525926,-0.5018757702496494,5,0.0,-0.0
EURCHF_X_weekly,20,20,50,5,14,14,3.0,20.0,18.0,0.2,10,90,100,2.0,1.0,3.0,20,0.5,4,-0.34312954028283293,-0.003947399394707645,-0.9774738388191582,6,0.25,-0.17156477014141647
EURGBP_X_weekly,10,20,50,3,10,14,4.0,25.0,18.0,0.2,5,85,200,1.5,1.0,1.5,20,0.25,4,-0.1814441330689932,-0.0035791442233529783,-1.1546875099804397,6,0.0,-0.0
EURGBP_X_weekly,20,20,50,3,14,10,2.0,20.0,15.0,0.05,15,85,200,1.5,1.0,3.0,20,0.25,4,-0.11624225184790575,-0.0014680090000578727,-0.6607012496947919,5,0.25,-0.058121125923952875
EURGBP_X_weekly,10,20,100,3,10,20,2.0,25.0,20.0,0.1,15,85,200,1.5,2.0,3.0,10,0.5,4,-0.09637688379143455,-0.0026269683880092995,-1.1490654064856796,6,0.5,-0.09637688379143455
EURGBP_X_weekly,20,20,50,5,14,20,4.0,25.0,15.0,0.2,10,95,200,1.5,0.5,2.0,10,0.5,4,-0.5352710720335763,-0.0025118877490941487,-0.4880401121270686,7,0.25,-0.26763553601678813
EURGBP_X_weekly,20,10,200,5,20,20,2.0,20.0,15.0,0.1,5,85,100,1.0,0.5,1.5,20,1.0,4,-0.4825809340961973,-0.0030279276468317675,-0.5049981977600694,5,0.25,-0.24129046704809864
EURGBP_X_weekly,10,20,50,3,14,20,4.0,20.0,15.0,0.2,10,90,200,1.5,0.5,2.0,20,1.0,4,-0.24936040980628232,-0.0018856318545094385,-0.3990918947918578,5,0.0,-0.0
EURGBP_X_weekly,14,20,50,5,10,20,2.0,20.0,20.0,0.1,15,85,200,1.0,2.0,3.0,10,0.25,4,-0.4464850896809859,-0.008499327273648442,-1.651432538490726,6,0.0,-0.0
EURGBP_X_weekly,14,10,200,3,14,14,3.0,30.0,15.0,0.2,10,90,200,2.0,1.0,3.0,20,1.0,4,-0.18935422953402198,-0.0023567443681721673,-0.6551036620027535,5,0.25,-0.09467711476701099
EURGBP_X_weekly,14,20,50,5,14,14,2.0,25.0,20.0,0.05,5,95,100,1.0,1.0,1.5,10,0.25,4,-0.518086528116149,-0.006051717650907676,-1.1172534821912699,6,0.0,-0.0
EURGBP_X_weekly,14,14,100,2,10,14,4.0,25.0,20.0,0.1,10,90,100,1.0,2.0,1.5,30,1.0,4,-0.11627355039758676,-0.003994788654054992,-1.6573626814184599,5,0.25,-0.05813677519879338
EURGBP_X_weekly,14,14,200,5,10,14,4.0,25.0,15.0,0.1,5,90,100,1.0,2.0,1.5,10,0.25,4,-0.2655826250216203,-0.008473303853045172,-2.9226452768074678,8,0.0,-0.0
EURGBP_X_weekly,10,14,50,5,10,14,2.0,20.0,15.0,0.1,15,90,200,1.0,2.0,2.0,30,1.0,4,-0.4404335856691004,-0.009994646390480012,-2.521769196047713,7,0.25,-0.2202167928345502
EURGBP_X_weekly,20,10,50,5,10,20,3.0,20.0,15.0,0.1,15,95,200,1.5,1.0,3.0,30,0.5,4,-0.3292607314262375,-0.0027740842545908887,-0.8147266569849692,5,0.25,-0.16463036571311876
EURGBP_X_weekly,10,14,50,5,20,10,3.0,25.0,20.0,0.2,15,90,100,1.0,1.0,2.0,30,0.5,4,-0.5341268952222709,-0.0057291373450971145,-0.9902574740691913,5,0.0,-0.0
EURGBP_X_weekly,20,20,50,5,20,14,3.0,25.0,15.0,0.1,10,95,200,1.5,2.0,1.5,30,0.25,4,-0.5665630730422466,-0.014017042376432209,-2.185668028263283,5,0.0,-0.0
EURGBP_X_weekly,10,14,200,3,14,20,2.0,25.0,20.0,0.2,15,95,100,1.0,2.0,2.0,10,0.5,4,-0.12805643129476246,-0.004486626244828495,-1.4700733566915978,5,0.25,-0.06402821564738123
EURGBP_X_weekly,20,20,50,3,10,14,3.0,25.0,20.0,0.1,10,85,100,2.0,2.0,3.0,10,0.25,4,-0.1791497939987436,-0.004101977902500721,-1.271501930542975,6,0.25,-0.0895748969993718
EURGBP_X_weekly,10,14,50,3,10,10,4.0,20.0,20.0,0.05,15,90,100,2.0,2.0,2.0,20,0.25,4,-0.1013136869484184,-0.004158882505097108,-1.6344953279040784,5,0.25,-0.0506568434742092
EURGBP_X_weekly,10,14,200,3,14,10,3.0,30.0,15.0,0.2,5,85,200,1.0,1.0,2.0,20,1.0,4,-0.12317535230560073,-0.0021472519620002913,-0.830936162873048,5,0.25,-0.061587676152800364
EURGBP_X_weekly,14,14,50,5,10,20,3.0,20.0,15.0,0.05,5,90,200,2.0,1.0,2.0,10,1.0,4,-0.3074768077586099,-0.002933457489374268,-1.1957421530369174,9,0.5,-0.3074768077586099
EURGBP_X_weekly,10,10,100,3,10,10,2.0,25.0,20.0,0.2,5,90,100,1.0,2.0,3.0,20,0.5,4,-0.1345529979385823,-0.003623431364061934,-1.4060355261519488,5,0.25,-0.06727649896929115
EURGBP_X_weekly,20,14,50,3,14,10,3.0,25.0,20.0,0.05,5,95,200,2.0,1.0,3.0,10,0.5,4,-0.2222256225323288,-0.002698966655814502,-0.5914723182449786,6,0.25,-0.1111128112661644
EURGBP_X_weekly,20,20,50,5,10,20,2.0,25.0,15.0,0.1,5,85,200,2.0,1.0,3.0,20,0.25,4,-0.42319687525766647,-0.004125831972141032,-0.8577884610059072,7,0.0,-0.0
EURGBP_X_weekly,20,20,200,3,10,14,3.0,20.0,18.0,0.1,10,90,100,2.0,1.0,1.5,10,0.5,4,0.002031919652844612,-0.0003044436334271267,-0.8456659860988941,5,0.5,0.002031919652844612
EURGBP_X_weekly,10,14,50,5,10,20,2.0,30.0,15.0,0.2,10,90,100,2.0,0.5,2.0,10,0.25,4,-0.37859254026678424,-0.0014969009386078596,-0.40644916583632384,5,0.25,-0.18929627013339212
EURGBP_X_weekly,20,10,50,2,14,14,4.0,20.0,20.0,0.2,10,95,200,1.0,2.0,1.5,10,1.0,4,-0.08416328701049833,-0.0041408312224443765,-1.4738773261560194,5,0.5,-0.08416328701049833
EURGBP_X_weekly,20,10,50,5,14,14,2.0,25.0,15.0,0.1,10,90,200,2.0,2.0,1.5,30,1.0,4,-0.45592059884329333,-0.010677090157750174,-2.2142805304370574,6,0.0,-0.0
EURGBP_X_weekly,14,14,50,3,14,10,4.0,20.0,20.0,0.2,5,85,200,1.0,0.5,3.0,10,1.0,4,-0.2969568377977784,-0.0016227649364100216,-0.32351076450665905,7,0.0,-0.0
EURGBP_X_weekly,20,10,100,5,10,14,2.0,20.0,20.0,0.1,5,90,200,1.5,0.5,3.0,30,0.5,4,-0.3311874569047938,-0.0013867069159644871,-0.4080501742811147,5,0.25,-0.1655937284523969
EURGBP_X_weekly,10,10,200,5,20,20,3.0,25.0,15.0,0.1,5,90,100,2.0,0.5,2.0,20,0.5,4,-0.4994867142098227,-0.0027022010379724633,-0.4849356763542373,5,0.0,-0.0
EURGBP_X_weekly,20,20,50,5,14,14,3.0,20.0,18.0,0.2,10,90,100,2.0,1.0,3.0,20,0.5,4,-0.4031521616532304,-0.0039003060910868495,-0.8656327770382384,6,0.25,-0.2015760808266152
EURJPY_X_weekly,20,10,200,5,20,20,2.0,20.0,15.0,0.1,5,85,100,1.0,0.5,1.5,20,1.0,4,0.46693912452699915,0.005264976296523855,-0.41761189779011393,5,0.5,0.46693912452699915
EURNZD_X_weekly,20,20,50,3,20,20,3.0,25.0,18.0,0.1,5,95,200,1.5,2.0,3.0,10,0.5,4,-0.41088667400048534,-0.004695330455672638,-1.4149746720414496,5,0.25,-0.20544333700024267
EURNZD_X_weekly,10,20,50,3,10,14,4.0,25.0,18.0,0.2,5,85,200,1.5,1.0,1.5,20,0.25,4,0.2861509316646961,0.005380166635035903,-0.8409029122527618,5,0.75,0.4292263974970441
EURNZD_X_weekly,10,20,100,3,10,20,2.0,25.0,20.0,0.1,15,85,200,1.5,2.0,3.0,10,0.5,4,-0.020667738751732317,-0.0006582566715514532,-1.4038902458963913,5,0.25,-0.010333869375866158
EURNZD_X_weekly,20,20,50,5,14,20,4.0,25.0,15.0,0.2,10,95,200,1.5,0.5,2.0,10,0.5,4,-0.24688574708501507,-0.0003218145951584575,-0.48488880791369504,6,0.5,-0.24688574708501507
EURNZD_X_weekly,14,20,50,5,10,20,2.0,20.0,20.0,0.1,15,85,200,1.0,2.0,3.0,10,0.25,4,-0.359917025844263,-0.002522034406475268,-1.9281932045904808,6,0.5,-0.359917025844263
EURNZD_X_weekly,14,20,50,5,14,14,2.0,25.0,20.0,0.05,5,95,100,1.0,1.0,1.5,10,0.25,4,-0.11948894704790711,0.000950648034197275,-1.2163883822467585,9,0.5,-0.11948894704790711
EURNZD_X_weekly,14,14,200,5,10,14,4.0,25.0,15.0,0.1,5,90,100,1.0,2.0,1.5,10,0.25,4,0.32520662975316483,0.011815004973111946,-1.6796609592831842,5,0.75,0.48780994462974725
EURNZD_X_weekly,10,14,50,5,10,14,2.0,20.0,15.0,0.1,15,90,200,1.0,2.0,2.0,30,1.0,4,-0.015351756789916404,0.005937691164236593,-2.059808259180269,7,0.75,-0.023027635184874606
EURNZD_X_weekly,20,10,50,5,10,20,3.0,20.0,15.0,0.1,15,95,200,1.5,1.0,3.0,30,0.5,4,-0.2894615093505971,-0.0007264466222481134,-0.9507191558243593,5,0.5,-0.2894615093505971
EURNZD_X_weekly,10,14,50,5,20,10,3.0,25.0,20.0,0.2,15,90,100,1.0,1.0,2.0,30,0.5,4,-0.13305929865902147,0.0010503514430314225,-0.7822036500277446,5,0.5,-0.13305929865902147
EURNZD_X_weekly,20,20,50,5,20,14,3.0,25.0,15.0,0.1,10,95,200,1.5,2.0,1.5,30,0.25,4,-0.01067424077382964,0.004486299381757772,-1.6355074146981605,5,0.5,-0.01067424077382964
EURNZD_X_weekly,14,14,50,5,10,20,3.0,20.0,15.0,0.05,5,90,200,2.0,1.0,2.0,10,1.0,4,-0.12010736560601845,0.0010636134191249766,-1.082045162100987,8,0.75,-0.1801610484090277
EURNZD_X_weekly,20,20,50,5,10,20,2.0,25.0,15.0,0.1,5,85,200,2.0,1.0,3.0,20,0.25,4,-0.409710143009639,-0.0019724664326056882,-0.9926673089133282,6,0.5,-0.409710143009639
EURNZD_X_weekly,20,20,200,3,10,14,3.0,20.0,18.0,0.1,10,90,100,2.0,1.0,1.5,10,0.5,4,0.06813669147353385,0.0021395614818932244,-0.9123948353722455,5,0.5,0.06813669147353385
EURNZD_X_weekly,10,14,50,5,10,20,2.0,30.0,15.0,0.2,10,90,100,2.0,0.5,2.0,10,0.25,4,-0.1493522289176627,2.556539613715223e-06,-0.5223208165541009,6,0.75,-0.22402834337649405
EURNZD_X_weekly,20,10,50,5,14,14,2.0,25.0,15.0,0.1,10,90,200,2.0,2.0,1.5,30,1.0,4,-0.151604104050668,0.0016433381594375988,-2.3793149073152633,8,0.5,-0.151604104050668
EURNZD_X_weekly,20,20,50,5,14,14,3.0,20.0,18.0,0.2,10,90,100,2.0,1.0,3.0,20,0.5,4,-0.5874707691291194,-0.0035062365174089796,-0.8858652211482523,5,0.5,-0.5874707691291194
EURUSD_X_weekly,20,10,200,5,20,20,2.0,20.0,15.0,0.1,5,85,100,1.0,0.5,1.5,20,1.0,4,0.32860930388975607,0.0029567805680685523,-0.43333078690469196,5,0.5,0.32860930388975607
GBPAUD_X_weekly,20,10,200,5,20,20,2.0,20.0,15.0,0.1,5,85,100,1.0,0.5,1.5,20,1.0,4,-0.6012719411835381,-0.0024656102865320915,-0.4946524078501666,5,0.25,-0.30063597059176905
GBPAUD_X_weekly,14,20,50,5,14,14,2.0,25.0,20.0,0.05,5,95,100,1.0,1.0,1.5,10,0.25,4,-0.47631063844603394,-0.006757388210667432,-1.2117541993493917,5,0.0,-0.0
GBPAUD_X_weekly,14,14,200,5,10,14,4.0,25.0,15.0,0.1,5,90,100,1.0,2.0,1.5,10,0.25,4,-0.29998943385859755,-0.006736398537425657,-2.1001846046949577,5,0.25,-0.14999471692929878
GBPAUD_X_weekly,20,20,50,5,20,14,3.0,25.0,15.0,0.1,10,95,200,1.5,2.0,1.5,30,0.25,4,-0.6158215249436955,-0.01074873289425168,-1.9909845015609509,5,0.0,-0.0
GBPAUD_X_weekly,10,10,200,5,20,10,4.0,30.0,18.0,0.2,15,90,200,1.0,1.0,1.5,30,0.25,4,-0.600197639599659,-0.004938833820020955,-0.9862724624705512,5,0.25,-0.3000988197998295
GBPAUD_X_weekly,20,10,50,5,14,14,2.0,25.0,15.0,0.1,10,90,200,2.0,2.0,1.5,30,1.0,4,-0.4363849639443335,-0.01242775681507951,-2.3870636165031454,5,0.0,-0.0
GBPCAD_X_weekly,14,14,100,2,20,20,4.0,20.0,20.0,0.05,10,90,100,1.0,2.0,1.5,30,1.0,4,-0.8650207425092815,-0.016863607434936603,-2.5277789710783685,5,0.0,-0.0
GBPCAD_X_weekly,20,10,200,5,20,20,2.0,20.0,15.0,0.1,5,85,100,1.0,0.5,1.5,20,1.0,4,-1.1151098909803996,-0.006555453807652066,-0.8822225558817706,7,0.0,-0.0
GBPCAD_X_weekly,14,20,50,5,14,14,2.0,25.0,20.0,0.05,5,95,100,1.0,1.0,1.5,10,0.25,4,-0.6765455893390382,-0.007870110872542364,-1.387162378894064,6,0.0,-0.0
GBPCAD_X_weekly,10,14,50,5,20,10,3.0,25.0,20.0,0.2,15,90,100,1.0,1.0,2.0,30,0.5,4,-0.5365350890791976,-0.004358610623871436,-1.1852234836058118,5,0.25,-0.2682675445395988
GBPCAD_X_weekly,20,20,50,5,20,14,3.0,25.0,15.0,0.1,10,95,200,1.5,2.0,1.5,30,0.25,4,-0.774646932347586,-0.02079435209546482,-3.3113745681577162,7,0.0,-0.0
GBPCAD_X_weekly,14,14,100,2,20,14,3.0,20.0,18.0,0.1,10,95,100,1.5,2.0,3.0,10,1.0,4,-0.40428915257356124,-0.006957319856087633,-1.7315455535764954,5,0.25,-0.20214457628678062
GBPCAD_X_weekly,20,14,50,2,20,20,4.0,20.0,18.0,0.05,15,85,200,1.0,2.0,1.5,30,0.5,4,-0.8650207425092815,-0.016863607434936603,-2.5277789710783685,5,0.0,-0.0
GBPCAD_X_weekly,14,14,50,5,10,20,3.0,20.0,15.0,0.05,5,90,200,2.0,1.0,2.0,10,1.0,4,-0.41370896853553496,-0.0027241835293356415,-0.930060459391971,5,0.25,-0.20685448426776748
GBPCAD_X_weekly,10,10,200,5,20,10,4.0,30.0,18.0,0.2,15,90,200,1.0,1.0,1.5,30,0.25,4,-0.9702700784384293,-0.01088563593859367,-1.5380166931846075,6,0.0,-0.0
GBPCAD_X_weekly,10,14,100,2,20,20,2.0,20.0,15.0,0.2,15,95,200,1.5,1.0,1.5,30,0.25,4,-0.864785298292969,-0.008452177602734355,-1.2733080667955607,5,0.0,-0.0
GBPCAD_X_weekly,20,10,50,5,14,14,2.0,25.0,15.0,0.1,10,90,200,2.0,2.0,1.5,30,1.0,4,-0.8808074073907219,-0.02011458887220583,-2.762981308842935,6,0.0,-0.0
GBPCAD_X_weekly,14,10,100,3,20,10,2.0,20.0,15.0,0.1,15,95,200,1.5,2.0,2.0,30,1.0,4,-0.6960514320364762,-0.012006923604958503,-2.4998616884044504,5,0.25,-0.3480257160182381
GBPCAD_X_weekly,20,10,100,5,10,14,2.0,20.0,20.0,0.1,5,90,200,1.5,0.5,3.0,30,0.5,4,-0.3121371565192671,-0.0012331315298006757,-0.45881244099223517,5,0.25,-0.15606857825963355
GBPCAD_X_weekly,10,10,200,5,20,20,3.0,25.0,15.0,0.1,5,90,100,2.0,0.5,2.0,20,0.5,4,-0.7235479114878103,-0.003283203393984058,-0.5950254958670596,5,0.25,-0.36177395574390514
GBPCAD_X_weekly,20,14,100,3,20,14,2.0,30.0,20.0,0.05,10,85,200,2.0,1.0,1.5,30,0.25,4,-0.9341413235282303,-0.0082388954415198,-1.2584771844568754,5,0.0,-0.0
GBPCAD_X_weekly,20,20,50,5,14,14,3.0,20.0,18.0,0.2,10,90,100,2.0,1.0,3.0,20,0.5,4,-0.2083882171360171,-0.0013895121423386629,-0.8384402297893028,5,0.25,-0.10419410856800855
GBPCHF_X_weekly,20,20,50,5,14,20,4.0,25.0,15.0,0.2,10,95,200,1.5,0.5,2.0,10,0.5,4,-0.806373517435981,-0.004806350517171995,-0.5116645003478081,5,0.0,-0.0
GBPCHF_X_weekly,20,10,200,5,20,20,2.0,20.0,15.0,0.1,5,85,100,1.0,0.5,1.5,20,1.0,4,-0.8770289029381431,-0.007194563252747548,-0.7620824898807113,7,0.0,-0.0
GBPCHF_X_weekly,14,20,50,5,10,20,2.0,20.0,20.0,0.1,15,85,200,1.0,2.0,3.0,10,0.25,4,-0.3261360257662729,-0.011649228564767463,-1.7997839632072157,6,0.25,-0.16306801288313644
GBPCHF_X_weekly,14,20,50,5,14,14,2.0,25.0,20.0,0.05,5,95,100,1.0,1.0,1.5,10,0.25,4,-0.8271533223014045,-0.011536227941656034,-1.3612817142646465,7,0.0,-0.0
GBPCHF_X_weekly,10,14,50,5,10,14,2.0,20.0,15.0,0.1,15,90,200,1.0,2.0,2.0,30,1.0,4,-0.22418301248836717,-0.010539801593159382,-1.8426772433218588,5,0.25,-0.11209150624418358
GBPCHF_X_weekly,20,10,50,5,10,20,3.0,20.0,15.0,0.1,15,95,200,1.5,1.0,3.0,30,0.5,4,-0.15916005652206444,-0.0014532847481280899,-0.8503297211801082,5,0.5,-0.15916005652206444
GBPCHF_X_weekly,10,14,50,5,20,10,3.0,25.0,20.0,0.2,15,90,100,1.0,1.0,2.0,30,0.5,4,-0.6072531855866651,-0.009537840575343898,-1.182043771147998,5,0.0,-0.0
GBPCHF_X_weekly,20,20,50,5,20,14,3.0,25.0,15.0,0.1,10,95,200,1.5,2.0,1.5,30,0.25,4,-0.6594346393131187,-0.02233770661735839,-2.3928180569221307,5,0.0,-0.0
GBPCHF_X_weekly,14,14,50,5,10,20,3.0,20.0,15.0,0.05,5,90,200,2.0,1.0,2.0,10,1.0,4,-0.5153781168160222,-0.009144861483886189,-1.2224319923751525,7,0.25,-0.2576890584080111
GBPCHF_X_weekly,10,14,50,5,10,20,2.0,30.0,15.0,0.2,10,90,100,2.0,0.5,2.0,10,0.25,4,-0.47442809936111374,-0.0030489177581919194,-0.4814197671206048,5,0.0,-0.0
GBPCHF_X_weekly,20,10,50,5,14,14,2.0,25.0,15.0,0.1,10,90,200,2.0,2.0,1.5,30,1.0,4,-0.8603666221100825,-0.02174004462119815,-2.678761548030922,7,0.0,-0.0
GBPCHF_X_weekly,10,10,200,5,20,20,3.0,25.0,15.0,0.1,5,90,100,2.0,0.5,2.0,20,0.5,4,-0.5984359859476248,-0.004729920286114474,-0.5916873300049318,5,0.0,-0.0
GBPCHF_X_weekly,20,20,50,5,14,14,3.0,20.0,18.0,0.2,10,90,100,2.0,1.0,3.0,20,0.5,4,-0.16723753342754122,-0.0032994757817923527,-0.7969956856519684,5,0.5,-0.16723753342754122
GBPJPY_X_weekly,14,20,50,5,10,20,2.0,20.0,20.0,0.1,15,85,200,1.0,2.0,3.0,10,0.25,4,0.22711274401440745,0.008694351802404254,-1.9154635079763611,6,0.5,0.22711274401440745
GBPJPY_X_weekly,10,14,50,5,10,14,2.0,20.0,15.0,0.1,15,90,200,1.0,2.0,2.0,30,1.0,4,0.255367337169811,0.016506716004533926,-2.3474098204216456,7,0.75,0.3830510057547165
GBPJPY_X_weekly,20,10,50,5,10,20,3.0,20.0,15.0,0.1,15,95,200,1.5,1.0,3.0,30,0.5,4,-0.13621681389201734,0.00044074186097354823,-0.9396661672941096,5,0.25,-0.06810840694600867
GBPJPY_X_weekly,10,14,50,5,20,10,3.0,25.0,20.0,0.2,15,90,100,1.0,1.0,2.0,30,0.5,4,-0.41068029191300953,0.0010110624777358223,-1.1445015355053592,5,0.5,-0.41068029191300953
GBPJPY_X_weekly,20,20,50,5,20,14,3.0,25.0,15.0,0.1,10,95,200,1.5,2.0,1.5,30,0.25,4,-0.3644591042594486,0.0018878011072794836,-2.3521691824330904,5,0.5,-0.3644591042594486
GBPJPY_X_weekly,14,14,50,5,10,20,3.0,20.0,15.0,0.05,5,90,200,2.0,1.0,2.0,10,1.0,4,-0.2897472068748586,0.0014027852787396556,-1.1763065949069902,6,0.5,-0.2897472068748586
GBPJPY_X_weekly,20,10,100,5,10,14,2.0,20.0,20.0,0.1,5,90,200,1.5,0.5,3.0,30,0.5,4,0.043701804694020296,0.0015520606557742668,-0.3591566924406803,5,0.25,0.021850902347010148
GBPJPY_X_weekly,20,20,50,5,14,14,3.0,20.0,18.0,0.2,10,90,100,2.0,1.0,3.0,20,0.5,4,-0.11284929426798807,0.00014756582366567354,-0.9332027767602786,5,0.5,-0.11284929426798807
GBPNZD_X_weekly,20,20,50,5,14,20,4.0,25.0,15.0,0.2,10,95,200,1.5,0.5,2.0,10,0.5,4,0.33776931984117486,0.0028108581774708,-0.3677353814958152,5,0.75,0.5066539797617623
GBPNZD_X_weekly,14,20,50,5,10,20,2.0,20.0,20.0,0.1,15,85,200,1.0,2.0,3.0,10,0.25,4,0.07689327290805448,0.0015934059002292997,-1.9851302401387967,6,0.5,0.07689327290805448
GBPNZD_X_weekly,14,20,50,5,14,14,2.0,25.0,20.0,0.05,5,95,100,1.0,1.0,1.5,10,0.25,4,0.060979079608552506,0.002492234415210214,-0.7956050330049652,5,0.5,0.060979079608552506
GBPNZD_X_weekly,14,14,200,5,10,14,4.0,25.0,15.0,0.1,5,90,100,1.0,2.0,1.5,10,0.25,4,-0.15306491678546846,0.001208045645097354,-1.8509687128759988,5,0.25,-0.07653245839273423
GBPNZD_X_weekly,10,14,50,5,10,14,2.0,20.0,15.0,0.1,15,90,200,1.0,2.0,2.0,30,1.0,4,0.08834075704690857,0.00175723662626915,-2.11287668329368,6,0.5,0.08834075704690857
GBPNZD_X_weekly,20,10,50,5,10,20,3.0,20.0,15.0,0.1,15,95,200,1.5,1.0,3.0,30,0.5,4,0.2184863433572928,0.0029978144930856614,-0.9566052259034474,6,0.75,0.3277295150359392
GBPNZD_X_weekly,14,14,50,5,10,20,3.0,20.0,15.0,0.05,5,90,200,2.0,1.0,2.0,10,1.0,4,0.15229593345100328,0.004243872771656788,-1.0215504603405494,7,0.5,0.15229593345100328
GBPNZD_X_weekly,20,20,50,5,10,20,2.0,25.0,15.0,0.1,5,85,200,2.0,1.0,3.0,20,0.25,4,0.11437344268288042,0.001485496226175883,-1.003591299359865,6,0.75,0.17156016402432064
GBPNZD_X_weekly,10,14,50,5,10,20,2.0,30.0,15.0,0.2,10,90,100,2.0,0.5,2.0,10,0.25,4,0.16775578198719077,0.001460069495229618,-0.4264060824485736,5,0.75,0.25163367298078615
GBPNZD_X_weekly,20,10,50,5,14,14,2.0,25.0,15.0,0.1,10,90,200,2.0,2.0,1.5,30,1.0,4,-0.08096341024443596,-0.0030714651793154186,-1.8901493185563625,6,0.5,-0.08096341024443596
GBPNZD_X_weekly,20,10,100,5,10,14,2.0,20.0,20.0,0.1,5,90,200,1.5,0.5,3.0,30,0.5,4,0.020369214791189083,5.70563118349127e-06,-0.4565982959271394,5,0.5,0.020369214791189083
GBPNZD_X_weekly,20,20,50,5,14,14,3.0,20.0,18.0,0.2,10,90,100,2.0,1.0,3.0,20,0.5,4,0.47022547020777017,0.004395772540944199,-0.7737307076487501,7,1.0,0.9404509404155403
GBPUSD_X_weekly,20,10,200,5,20,20,2.0,20.0,15.0,0.1,5,85,100,1.0,0.5,1.5,20,1.0,4,-0.20512365035362656,0.000285845773103483,-0.6164072948901009,7,0.5,-0.20512365035362656
GBPUSD_X_weekly,14,20,50,5,10,20,2.0,20.0,20.0,0.1,15,85,200,1.0,2.0,3.0,10,0.25,4,0.7950265389771453,0.015889705417308143,-1.3122112715861023,5,0.75,1.192539808465718
GBPUSD_X_weekly,10,14,50,5,10,14,2.0,20.0,15.0,0.1,15,90,200,1.0,2.0,2.0,30,1.0,4,0.4134028687889559,0.01040304756140913,-1.9141228783885817,6,0.75,0.6201043031834338
GBPUSD_X_weekly,10,14,50,5,20,10,3.0,25.0,20.0,0.2,15,90,100,1.0,1.0,2.0,30,0.5,4,0.06199324240525533,0.0010544303427429897,-0.8603276894273036,5,0.5,0.06199324240525533
GBPUSD_X_weekly,20,20,50,5,20,14,3.0,25.0,15.0,0.1,10,95,200,1.5,2.0,1.5,30,0.25,4,0.21173981143345863,0.008151812301124483,-1.7330250125876998,5,0.5,0.21173981143345863
GBPUSD_X_weekly,14,14,50,5,10,20,3.0,20.0,15.0,0.05,5,90,200,2.0,1.0,2.0,10,1.0,4,0.10317184006050995,0.0016357177147161566,-0.7191116211895918,5,0.5,0.10317184006050995
GBPUSD_X_weekly,10,10,200,5,20,10,4.0,30.0,18.0,0.2,15,90,200,1.0,1.0,1.5,30,0.25,4,-0.22449491759419055,-0.0006669143496100785,-1.0253791443916278,5,0.5,-0.22449491759419055
GBPUSD_X_weekly,20,14,100,5,20,20,2.0,20.0,18.0,0.1,10,90,200,1.0,2.0,3.0,30,0.5,4,0.06699315203644748,0.003793521366600044,-1.6678492902053832,6,0.5,0.06699315203644748
GBPUSD_X_weekly,10,14,50,5,10,20,2.0,30.0,15.0,0.2,10,90,100,2.0,0.5,2.0,10,0.25,4,0.3472056309116934,0.002565183096196642,-0.42266953682054953,5,0.75,0.5208084463675401
GBPUSD_X_weekly,14,10,100,3,20,10,2.0,20.0,15.0,0.1,15,95,200,1.5,2.0,2.0,30,1.0,4,-0.419913595863127,-0.005950980743385344,-2.0491698065516415,5,0.5,-0.419913595863127
GBPUSD_X_weekly,10,10,200,5,20,20,3.0,25.0,15.0,0.1,5,90,100,2.0,0.5,2.0,20,0.5,4,-0.3977066654152382,-0.0007010565064188995,-0.5535453112525435,6,0.5,-0.3977066654152382
GC_F_weekly,14,20,50,5,10,20,2.0,20.0,20.0,0.1,15,85,200,1.0,2.0,3.0,10,0.25,4,0.022634515481398845,-0.00035128549303058186,-1.6598966037218372,6,0.25,0.011317257740699423
GC_F_weekly,14,20,50,5,14,14,2.0,25.0,20.0,0.05,5,95,100,1.0,1.0,1.5,10,0.25,4,-0.07534303594982733,0.0021102671544346316,-1.3200420734681368,8,0.25,-0.037671517974913665
GC_F_weekly,10,14,50,5,10,14,2.0,20.0,15.0,0.1,15,90,200,1.0,2.0,2.0,30,1.0,4,-0.21032377579736722,-0.003391335543933337,-1.957421211135173,7,0.25,-0.10516188789868361
GC_F_weekly,20,20,50,5,20,14,3.0,25.0,15.0,0.1,10,95,200,1.5,2.0,1.5,30,0.25,4,0.48414280118969777,0.01886996008263677,-1.9211492536687504,7,0.75,0.7262142017845467
GC_F_weekly,20,10,50,5,14,14,2.0,25.0,15.0,0.1,10,90,200,2.0,2.0,1.5,30,1.0,4,0.04198410109370859,0.008044671109236741,-2.319123027273531,7,0.25,0.020992050546854296
GF_F_weekly,20,10,200,2,14,14,3.0,20.0,15.0,0.2,15,95,100,2.0,2.0,2.0,10,1.0,4,-0.13260804080876026,0.0298628780823552,-2.1654050837597882,5,0.25,-0.06630402040438013
GF_F_weekly,20,20,50,5,14,20,4.0,25.0,15.0,0.2,10,95,200,1.5,0.5,2.0,10,0.5,4,0.2563162619951745,0.008365738055620114,-0.4220416074733269,5,0.25,0.12815813099758724
GF_F_weekly,14,20,50,5,10,20,2.0,20.0,20.0,0.1,15,85,200,1.0,2.0,3.0,10,0.25,4,0.30005753846221145,0.024140974707165513,-2.1809666401269348,6,0.5,0.30005753846221145
GF_F_weekly,14,10,200,2,14,10,4.0,20.0,18.0,0.2,10,90,200,1.5,0.5,3.0,10,0.5,4,-0.0834306026370993,0.004080389859057323,-0.47837705005806763,5,0.25,-0.04171530131854965
GF_F_weekly,14,20,200,2,14,10,2.0,20.0,20.0,0.2,5,95,200,2.0,1.0,2.0,10,1.0,4,-0.17150801963404144,0.01422204494283469,-1.0806532124209067,5,0.25,-0.08575400981702072
GF_F_weekly,14,20,50,5,14,14,2.0,25.0,20.0,0.05,5,95,100,1.0,1.0,1.5,10,0.25,4,0.27009481328872625,0.008188578225774018,-0.7673778687719734,5,0.25,0.13504740664436313
GF_F_weekly,10,14,50,5,10,14,2.0,20.0,15.0,0.1,15,90,200,1.0,2.0,2.0,30,1.0,4,0.26859588728452194,0.03441952270931856,-2.2061237572482963,6,0.5,0.26859588728452194
GF_F_weekly,10,14,200,3,14,20,2.0,25.0,20.0,0.2,15,95,100,1.0,2.0,2.0,10,0.5,4,0.09637826986745497,0.02950085295421468,-2.2203160132210322,5,0.25,0.048189134933727486
GF_F_weekly,14,14,50,5,10,20,3.0,20.0,15.0,0.05,5,90,200,2.0,1.0,2.0,10,1.0,4,-0.10949769375911098,0.01242829416974082,-1.351731650333604,8,0.5,-0.10949769375911098
GF_F_weekly,20,10,50,2,14,14,4.0,20.0,20.0,0.2,10,95,200,1.0,2.0,1.5,10,1.0,4,-0.07176602362405275,0.0036629811237062753,-2.8350718366850924,6,0.25,-0.035883011812026376
GF_F_weekly,20,10,50,5,14,14,2.0,25.0,15.0,0.1,10,90,200,2.0,2.0,1.5,30,1.0,4,0.16557277288024927,0.012254514165643878,-1.8159598999652347,5,0.25,0.08278638644012463
HE_F_weekly,20,20,50,5,14,20,4.0,25.0,15.0,0.2,10,95,200,1.5,0.5,2.0,10,0.5,4,-0.14227858806687307,-0.0015654742928003999,-0.5162040992886512,6,0.0,-0.0
HE_F_weekly,20,10,200,5,20,20,2.0,20.0,15.0,0.1,5,85,100,1.0,0.5,1.5,20,1.0,4,0.022961855986856378,0.0016412969583659558,-0.5148480548451863,9,0.25,0.011480927993428189
HE_F_weekly,14,20,50,5,14,14,2.0,25.0,20.0,0.05,5,95,100,1.0,1.0,1.5,10,0.25,4,-0.23965623096724936,-0.0034472067744366086,-1.3571083693440316,10,0.25,-0.11982811548362468
HE_F_weekly,14,14,200,5,10,14,4.0,25.0,15.0,0.1,5,90,100,1.0,2.0,1.5,10,0.25,4,-0.475800071060145,-0.01327006438551325,-2.707551128844144,7,0.25,-0.2379000355300725
HE_F_weekly,10,14,50,5,10,14,2.0,20.0,15.0,0.1,15,90,200,1.0,2.0,2.0,30,1.0,4,-0.1606371677096506,-0.006029486163453203,-2.603803875177445,8,0.25,-0.0803185838548253
HE_F_weekly,10,14,50,5,20,10,3.0,25.0,20.0,0.2,15,90,100,1.0,1.0,2.0,30,0.5,4,-0.06376211388981676,-0.000754695047140012,-1.1315322376342212,7,0.25,-0.03188105694490838
HE_F_weekly,20,20,50,5,20,14,3.0,25.0,15.0,0.1,10,95,200,1.5,2.0,1.5,30,0.25,4,-0.1468319916547107,4.2966085306489596e-05,-2.5457731948773907,7,0.25,-0.07341599582735535
HE_F_weekly,14,14,50,5,10,20,3.0,20.0,15.0,0.05,5,90,200,2.0,1.0,2.0,10,1.0,4,-0.17720844389639487,-0.00312096270976499,-1.2593011058201462,8,0.25,-0.08860422194819743
HE_F_weekly,10,10,200,5,20,10,4.0,30.0,18.0,0.2,15,90,200,1.0,1.0,1.5,30,0.25,4,0.034352807543615214,0.0004036122530249942,-0.9498213763028217,6,0.5,0.034352807543615214
HE_F_weekly,10,14,50,5,10,20,2.0,30.0,15.0,0.2,10,90,100,2.0,0.5,2.0,10,0.25,4,0.19896493626837564,0.0033545490348772544,-0.6500186093125744,9,0.75,0.29844740440256345
HE_F_weekly,20,10,50,5,14,14,2.0,25.0,15.0,0.1,10,90,200,2.0,2.0,1.5,30,1.0,4,0.09322821229904203,0.004629454092884544,-2.5378886656879773,10,0.75,0.13984231844856304
HE_F_weekly,10,10,200,5,20,20,3.0,25.0,15.0,0.1,5,90,100,2.0,0.5,2.0,20,0.5,4,-0.14010089758394076,-0.0009778511709886062,-0.4335818745922546,7,0.25,-0.07005044879197038
HG_F_weekly,20,10,200,5,20,20,2.0,20.0,15.0,0.1,5,85,100,1.0,0.5,1.5,20,1.0,4,-0.8519626274106398,-0.0037062237847832876,-0.40110889420449,5,0.0,-0.0
HG_F_weekly,14,20,50,5,14,14,2.0,25.0,20.0,0.05,5,95,100,1.0,1.0,1.5,10,0.25,4,-0.7021553604483544,-0.0060689864653369115,-0.8091445112025747,5,0.0,-0.0
HG_F_weekly,10,14,50,5,10,14,2.0,20.0,15.0,0.1,15,90,200,1.0,2.0,2.0,30,1.0,4,-0.5090073270576576,-0.006838627691155808,-1.5965261293868147,6,0.0,-0.0
HG_F_weekly,20,10,50,5,14,14,2.0,25.0,15.0,0.1,10,90,200,2.0,2.0,1.5,30,1.0,4,-0.8222537797430414,-0.01402246452331924,-1.6025821038516197,5,0.0,-0.0
HO_F_weekly,10,20,50,3,10,14,4.0,25.0,18.0,0.2,5,85,200,1.5,1.0,1.5,20,0.25,4,0.15713656525843822,0.00945802270254535,-1.055482904050932,5,0.5,0.15713656525843822
HO_F_weekly,20,10,200,5,20,20,2.0,20.0,15.0,0.1,5,85,100,1.0,0.5,1.5,20,1.0,4,0.5007496626370104,0.0053159072208096405,-0.4987266168757237,5,0.5,0.5007496626370104
HO_F_weekly,14,20,50,5,10,20,2.0,20.0,20.0,0.1,15,85,200,1.0,2.0,3.0,10,0.25,4,0.13771406034556027,0.010765799666440217,-1.7887571406134444,5,0.25,0.06885703017278014
HO_F_weekly,14,20,50,5,14,14,2.0,25.0,20.0,0.05,5,95,100,1.0,1.0,1.5,10,0.25,4,0.7234218832353511,0.012722300109667458,-0.9541044146901289,6,0.5,0.7234218832353511
HO_F_weekly,14,14,200,5,10,14,4.0,25.0,15.0,0.1,5,90,100,1.0,2.0,1.5,10,0.25,4,0.6441422547524618,0.024212706105299416,-2.129591680025365,7,0.5,0.6441422547524618
HO_F_weekly,10,14,50,5,10,14,2.0,20.0,15.0,0.1,15,90,200,1.0,2.0,2.0,30,1.0,4,0.07847748449587374,-0.001059935127591006,-1.927235482428847,6,0.5,0.07847748449587374
HO_F_weekly,10,14,50,5,20,10,3.0,25.0,20.0,0.2,15,90,100,1.0,1.0,2.0,30,0.5,4,-0.5128157626939405,-0.004056477307194973,-1.0358925038190983,5,0.25,-0.25640788134697023
HO_F_weekly,20,20,50,5,20,14,3.0,25.0,15.0,0.1,10,95,200,1.5,2.0,1.5,30,0.25,4,0.3102583916376027,0.020045322817408485,-2.3837143990436656,6,0.5,0.3102583916376027
HO_F_weekly,14,14,50,5,10,20,3.0,20.0,15.0,0.05,5,90,200,2.0,1.0,2.0,10,1.0,4,-0.5525407582079507,-0.00589563098271351,-1.0927388653080432,6,0.0,-0.0
HO_F_weekly,20,20,50,5,10,20,2.0,25.0,15.0,0.1,5,85,200,2.0,1.0,3.0,20,0.25,4,0.14471000410309082,0.005421519323512803,-0.9175277424188785,5,0.25,0.07235500205154541
HO_F_weekly,20,20,200,3,10,14,3.0,20.0,18.0,0.1,10,90,100,2.0,1.0,1.5,10,0.5,4,0.8134845677046423,0.013870795110099744,-1.0686926783121273,5,0.75,1.2202268515569634
HO_F_weekly,10,14,50,5,10,20,2.0,30.0,15.0,0.2,10,90,100,2.0,0.5,2.0,10,0.25,4,-0.2603771583892104,0.0015127998161888626,-0.6165122840689187,6,0.25,-0.1301885791946052
HO_F_weekly,20,10,50,5,14,14,2.0,25.0,15.0,0.1,10,90,200,2.0,2.0,1.5,30,1.0,4,0.5744457907391549,0.02141617014476924,-1.9422169616438112,6,0.5,0.5744457907391549
HO_F_weekly,10,10,200,5,20,20,3.0,25.0,15.0,0.1,5,90,100,2.0,0.5,2.0,20,0.5,4,0.5262053521943221,0.004393851021117734,-0.4858566632413758,5,0.5,0.5262053521943221
HO_F_weekly,20,20,50,5,14,14,3.0,20.0,18.0,0.2,10,90,100,2.0,1.0,3.0,20,0.5,4,0.14471000410309082,0.005421519323512803,-0.9175277424188785,5,0.25,0.07235500205154541
KC_F_weekly,14,20,50,5,14,14,2.0,25.0,20.0,0.05,5,95,100,1.0,1.0,1.5,10,0.25,4,-0.2619374025748712,-0.003365902115224708,-0.9225955791814616,6,0.5,-0.2619374025748712
KC_F_weekly,14,14,200,5,10,14,4.0,25.0,15.0,0.1,5,90,100,1.0,2.0,1.5,10,0.25,4,0.1794085803207654,0.011304994328242356,-1.3518823137950255,5,0.5,0.1794085803207654
KC_F_weekly,10,14,50,5,10,14,2.0,20.0,15.0,0.1,15,90,200,1.0,2.0,2.0,30,1.0,4,0.0968342806341127,0.008358868815182587,-1.690121306529923,5,0.5,0.0968342806341127
KC_F_weekly,20,10,50,5,14,14,2.0,25.0,15.0,0.1,10,90,200,2.0,2.0,1.5,30,1.0,4,-0.2172432346248862,-0.00571833273129323,-1.8327313739375188,6,0.5,-0.2172432346248862
LE_F_weekly,10,20,50,3,10,14,4.0,25.0,18.0,0.2,5,85,200,1.5,1.0,1.5,20,0.25,4,0.5509820552996924,0.01294513591740365,-0.698231023610731,5,0.75,0.8264730829495386
LE_F_weekly,10,10,50,5,20,20,2.0,30.0,20.0,0.1,5,85,100,1.5,2.0,3.0,30,0.25,4,-0.17852143781678861,-0.009950595793960702,-1.6698415421888564,6,0.25,-0.08926071890839431
LE_F_weekly,20,20,50,5,14,20,4.0,25.0,15.0,0.2,10,95,200,1.5,0.5,2.0,10,0.5,4,-0.02281756247942941,-0.0010597845908229828,-0.389197359300684,5,0.25,-0.011408781239714704
LE_F_weekly,20,10,200,5,20,20,2.0,20.0,15.0,0.1,5,85,100,1.0,0.5,1.5,20,1.0,4,0.1434452684293148,-0.00010619214184853261,-0.3032256398954083,6,0.5,0.1434452684293148
LE_F_weekly,14,20,50,5,10,20,2.0,20.0,20.0,0.1,15,85,200,1.0,2.0,3.0,10,0.25,4,0.24353133386487807,0.005770594713972378,-1.9721966185259023,7,0.5,0.24353133386487807
LE_F_weekly,14,20,50,5,14,14,2.0,25.0,20.0,0.05,5,95,100,1.0,1.0,1.5,10,0.25,4,-0.33320741252288266,-0.005628366605461406,-1.025739038595444,6,0.0,-0.0
LE_F_weekly,14,14,200,5,10,14,4.0,25.0,15.0,0.1,5,90,100,1.0,2.0,1.5,10,0.25,4,0.44412343237796453,0.02237910340926187,-2.1050802555728407,6,0.5,0.44412343237796453
LE_F_weekly,10,14,50,5,10,14,2.0,20.0,15.0,0.1,15,90,200,1.0,2.0,2.0,30,1.0,4,-0.08364820117518507,-0.004015016082342435,-3.4068555800678713,10,0.5,-0.08364820117518507
LE_F_weekly,20,10,50,5,10,20,3.0,20.0,15.0,0.1,15,95,200,1.5,1.0,3.0,30,0.5,4,-0.11391978429432939,-0.0016358566022302962,-1.229932526984187,7,0.5,-0.11391978429432939
LE_F_weekly,10,14,50,5,20,10,3.0,25.0,20.0,0.2,15,90,100,1.0,1.0,2.0,30,0.5,4,-0.13314699719769435,-0.00468879299169721,-0.8284797031594757,6,0.25,-0.06657349859884718
LE_F_weekly,20,20,50,5,20,14,3.0,25.0,15.0,0.1,10,95,200,1.5,2.0,1.5,30,0.25,4,0.0393836875296391,-0.005269453948903583,-1.7057724106081427,6,0.5,0.0393836875296391
LE_F_weekly,10,14,50,3,10,10,4.0,20.0,20.0,0.05,15,90,100,2.0,2.0,2.0,20,0.25,4,0.5129125030288219,0.016978184782577774,-1.3430966328494245,5,0.75,0.7693687545432328
LE_F_weekly,14,14,50,5,10,20,3.0,20.0,15.0,0.05,5,90,200,2.0,1.0,2.0,10,1.0,4,0.1621388665748851,0.0027923743791785,-1.433981548968837,10,0.5,0.1621388665748851
LE_F_weekly,10,10,200,5,20,10,4.0,30.0,18.0,0.2,15,90,200,1.0,1.0,1.5,30,0.25,4,0.17615639938316882,-8.849222441704096e-05,-0.6042808965188879,5,0.5,0.17615639938316882
LE_F_weekly,20,14,100,5,20,20,2.0,20.0,18.0,0.1,10,90,200,1.0,2.0,3.0,30,0.5,4,-0.15570876093837718,-0.00567376003448776,-1.2623682890155434,5,0.25,-0.07785438046918859
LE_F_weekly,20,20,50,5,10,20,2.0,25.0,15.0,0.1,5,85,200,2.0,1.0,3.0,20,0.25,4,-0.09910248039196576,-0.0005167495971035352,-1.0215627947226136,5,0.5,-0.09910248039196576
LE_F_weekly,10,14,50,5,10,20,2.0,30.0,15.0,0.2,10,90,100,2.0,0.5,2.0,10,0.25,4,-0.044395806273344135,0.00048157443777922706,-0.6321548270922566,7,0.5,-0.044395806273344135
LE_F_weekly,20,10,50,5,14,14,2.0,25.0,15.0,0.1,10,90,200,2.0,2.0,1.5,30,1.0,4,-0.33915826969217294,-0.01213268275198966,-2.0811639643027533,6,0.0,-0.0
LE_F_weekly,14,10,100,5,20,14,4.0,30.0,20.0,0.05,15,85,200,1.0,1.0,3.0,10,0.25,4,-0.0798891917378388,-0.002308570476282466,-0.5309582036991795,5,0.25,-0.0399445958689194
LE_F_weekly,20,10,100,5,10,14,2.0,20.0,20.0,0.1,5,90,200,1.5,0.5,3.0,30,0.5,4,-0.09515611312015154,-7.34063175053506e-05,-0.47947359871038836,6,0.5,-0.09515611312015154
LE_F_weekly,10,10,200,5,20,20,3.0,25.0,15.0,0.1,5,90,100,2.0,0.5,2.0,20,0.5,4,-0.03286113421476143,-0.001053507788598472,-0.2869290997626252,5,0.25,-0.016430567107380716
LE_F_weekly,20,20,50,5,14,14,3.0,20.0,18.0,0.2,10,90,100,2.0,1.0,3.0,20,0.5,4,-0.08372729649103731,-0.003108200758691328,-0.6970436590249873,5,0.25,-0.04186364824551866
NG_F_weekly,14,14,200,5,10,14,4.0,25.0,15.0,0.1,5,90,100,1.0,2.0,1.5,10,0.25,4,-0.10586741298779352,-0.0020300699204740796,-2.0624895759775033,5,0.25,-0.05293370649389676
NG_F_weekly,20,10,50,5,14,14,2.0,25.0,15.0,0.1,10,90,200,2.0,2.0,1.5,30,1.0,4,-0.2222188518491346,0.0025571205445451134,-2.1259995069632462,6,0.25,-0.1111094259245673
NZDCAD_X_weekly,10,20,50,3,10,14,4.0,25.0,18.0,0.2,5,85,200,1.5,1.0,1.5,20,0.25,4,-0.4659476371456736,-0.005343897229436425,-0.9779724212221879,5,0.25,-0.2329738185728368
NZDCAD_X_weekly,10,10,50,5,20,20,2.0,30.0,20.0,0.1,5,85,100,1.5,2.0,3.0,30,0.25,4,-0.6809139612328691,-0.01485010271128117,-2.109682104207325,5,0.0,-0.0
NZDCAD_X_weekly,20,20,50,5,14,20,4.0,25.0,15.0,0.2,10,95,200,1.5,0.5,2.0,10,0.5,4,-0.6210733760031677,-0.0036257267307251823,-0.5970061551139942,7,0.0,-0.0
NZDCAD_X_weekly,20,10,200,5,20,20,2.0,20.0,15.0,0.1,5,85,100,1.0,0.5,1.5,20,1.0,4,-0.7229646843224968,-0.00476307303546605,-0.693898188249362,7,0.0,-0.0
NZDCAD_X_weekly,14,20,50,5,10,20,2.0,20.0,20.0,0.1,15,85,200,1.0,2.0,3.0,10,0.25,4,-0.28278191039875844,-0.006077244188176474,-1.9677104617658945,8,0.0,-0.0
NZDCAD_X_weekly,14,20,50,5,14,14,2.0,25.0,20.0,0.05,5,95,100,1.0,1.0,1.5,10,0.25,4,-0.6315950724874112,-0.006772011306932427,-1.3104366089681587,7,0.25,-0.3157975362437056
NZDCAD_X_weekly,14,14,200,5,10,14,4.0,25.0,15.0,0.1,5,90,100,1.0,2.0,1.5,10,0.25,4,-0.13247465541598247,-0.007185912499439337,-2.315472712716179,7,0.5,-0.13247465541598247
NZDCAD_X_weekly,10,14,50,5,10,14,2.0,20.0,15.0,0.1,15,90,200,1.0,2.0,2.0,30,1.0,4,-0.6525145649763734,-0.019622024028474745,-3.077995615531932,10,0.0,-0.0
NZDCAD_X_weekly,20,10,50,5,10,20,3.0,20.0,15.0,0.1,15,95,200,1.5,1.0,3.0,30,0.5,4,-0.5546027386436806,-0.006659614929961163,-1.0775376340347362,7,0.0,-0.0
NZDCAD_X_weekly,10,14,50,5,20,10,3.0,25.0,20.0,0.2,15,90,100,1.0,1.0,2.0,30,0.5,4,-0.8896021548204869,-0.009140933592778356,-1.2750534767008537,6,0.0,-0.0
NZDCAD_X_weekly,20,20,50,5,20,14,3.0,25.0,15.0,0.1,10,95,200,1.5,2.0,1.5,30,0.25,4,-0.7069168645628692,-0.015536460594459367,-2.5989577804739232,6,0.0,-0.0
NZDCAD_X_weekly,10,14,50,3,10,10,4.0,20.0,20.0,0.05,15,90,100,2.0,2.0,2.0,20,0.25,4,-0.41732921287096797,-0.011440034250163943,-1.9391637233983012,6,0.25,-0.20866460643548398
NZDCAD_X_weekly,14,14,50,5,10,20,3.0,20.0,15.0,0.05,5,90,200,2.0,1.0,2.0,10,1.0,4,-0.6325912294757163,-0.0091025161596393,-1.4170529139068444,10,0.0,-0.0
NZDCAD_X_weekly,10,10,200,5,20,10,4.0,30.0,18.0,0.2,15,90,200,1.0,1.0,1.5,30,0.25,4,-0.6128865172232459,-0.006912088301331096,-1.124418789930753,6,0.0,-0.0
NZDCAD_X_weekly,20,14,100,5,20,20,2.0,20.0,18.0,0.1,10,90,200,1.0,2.0,3.0,30,0.5,4,-0.5079137695801995,-0.011770808733094372,-2.1206041199083856,5,0.0,-0.0
NZDCAD_X_weekly,20,20,50,5,10,20,2.0,25.0,15.0,0.1,5,85,200,2.0,1.0,3.0,20,0.25,4,-0.15051355267695,-0.003733550829378419,-0.8625517149924509,6,0.25,-0.075256776338475
NZDCAD_X_weekly,20,20,200,3,10,14,3.0,20.0,18.0,0.1,10,90,100,2.0,1.0,1.5,10,0.5,4,-0.4659476371456736,-0.005343897229436425,-0.9779724212221879,5,0.25,-0.2329738185728368
NZDCAD_X_weekly,10,14,50,5,10,20,2.0,30.0,15.0,0.2,10,90,100,2.0,0.5,2.0,10,0.25,4,-0.2754726228504189,-0.002814146492974396,-0.5580806401252414,7,0.25,-0.13773631142520945
NZDCAD_X_weekly,20,10,50,5,14,14,2.0,25.0,15.0,0.1,10,90,200,2.0,2.0,1.5,30,1.0,4,-0.5819845523013844,-0.014458428203566336,-2.602269871633173,8,0.25,-0.2909922761506922
NZDCAD_X_weekly,14,10,100,5,20,14,4.0,30.0,20.0,0.05,15,85,200,1.0,1.0,3.0,10,0.25,4,-0.5582347253099247,-0.005204786995639415,-0.9062286900802649,6,0.0,-0.0
NZDCAD_X_weekly,20,10,100,5,10,14,2.0,20.0,20.0,0.1,5,90,200,1.5,0.5,3.0,30,0.5,4,-0.5560003247263544,-0.00332682596557629,-0.5393433405006581,7,0.0,-0.0
NZDCAD_X_weekly,10,10,200,5,20,20,3.0,25.0,15.0,0.1,5,90,100,2.0,0.5,2.0,20,0.5,4,-0.7348660870935696,-0.00348663199914622,-0.5376151716058755,5,0.0,-0.0
NZDCAD_X_weekly,20,20,50,5,14,14,3.0,20.0,18.0,0.2,10,90,100,2.0,1.0,3.0,20,0.5,4,-0.41537605420971924,-0.005182349986735243,-1.0950256344835245,7,0.0,-0.0
NZDCHF_X_weekly,10,10,50,5,20,20,2.0,30.0,20.0,0.1,5,85,100,1.5,2.0,3.0,30,0.25,4,-0.6918828830154076,-0.010138668276562159,-1.917387881204443,5,0.25,-0.3459414415077038
NZDCHF_X_weekly,20,20,50,5,14,20,4.0,25.0,15.0,0.2,10,95,200,1.5,0.5,2.0,10,0.5,4,-0.5824281219674198,-0.0024303510179894605,-0.552477481617137,7,0.25,-0.2912140609837099
NZDCHF_X_weekly,20,10,200,5,20,20,2.0,20.0,15.0,0.1,5,85,100,1.0,0.5,1.5,20,1.0,4,-0.629864210167669,-0.001373089919263566,-0.5555181656713357,5,0.25,-0.3149321050838345
NZDCHF_X_weekly,14,20,50,5,10,20,2.0,20.0,20.0,0.1,15,85,200,1.0,2.0,3.0,10,0.25,4,-0.9569375037878449,-0.014894843330987444,-1.7774754518852602,6,0.0,-0.0
NZDCHF_X_weekly,14,20,50,5,14,14,2.0,25.0,20.0,0.05,5,95,100,1.0,1.0,1.5,10,0.25,4,-0.6187374618679238,-0.0042577272342226025,-1.246361658457782,7,0.25,-0.3093687309339619
NZDCHF_X_weekly,14,14,200,5,10,14,4.0,25.0,15.0,0.1,5,90,100,1.0,2.0,1.5,10,0.25,4,-0.8867406202723562,-0.014558524189889066,-2.045952562157602,5,0.0,-0.0
NZDCHF_X_weekly,10,14,50,5,10,14,2.0,20.0,15.0,0.1,15,90,200,1.0,2.0,2.0,30,1.0,4,-0.5030955418050562,-0.008033914869318414,-2.0961590204838543,5,0.25,-0.2515477709025281
NZDCHF_X_weekly,20,10,50,5,10,20,3.0,20.0,15.0,0.1,15,95,200,1.5,1.0,3.0,30,0.5,4,-0.695288703258458,-0.005073231963325179,-0.9624834884994231,5,0.25,-0.347644351629229
NZDCHF_X_weekly,10,14,50,5,20,10,3.0,25.0,20.0,0.2,15,90,100,1.0,1.0,2.0,30,0.5,4,-0.5319804641574206,-0.0053312344679121455,-1.2422332185830431,6,0.25,-0.2659902320787103
NZDCHF_X_weekly,20,20,50,5,20,14,3.0,25.0,15.0,0.1,10,95,200,1.5,2.0,1.5,30,0.25,4,-0.5780127395858847,-0.012403394789056166,-2.893466379741379,7,0.25,-0.28900636979294236
NZDCHF_X_weekly,10,14,200,3,14,20,2.0,25.0,20.0,0.2,15,95,100,1.0,2.0,2.0,10,0.5,4,-0.42177575302834874,-0.0036317166696859656,-1.5133635655561848,5,0.25,-0.21088787651417437
NZDCHF_X_weekly,14,14,50,5,10,20,3.0,20.0,15.0,0.05,5,90,200,2.0,1.0,2.0,10,1.0,4,-0.6957657291311045,-0.006475496887368308,-0.8712352153652321,6,0.0,-0.0
NZDCHF_X_weekly,10,10,200,5,20,10,4.0,30.0,18.0,0.2,15,90,200,1.0,1.0,1.5,30,0.25,4,-0.6288435495847087,-0.0027420052919651878,-1.1067584541674884,5,0.25,-0.31442177479235434
NZDCHF_X_weekly,20,14,50,3,14,10,3.0,25.0,20.0,0.05,5,95,200,2.0,1.0,3.0,10,0.5,4,-0.5623942087575982,-0.002965795911612713,-0.6788868958850008,5,0.25,-0.2811971043787991
NZDCHF_X_weekly,20,20,50,5,10,20,2.0,25.0,15.0,0.1,5,85,200,2.0,1.0,3.0,20,0.25,4,-0.6100925145472611,-0.0039101792270062104,-0.8113485828903231,5,0.25,-0.30504625727363055
NZDCHF_X_weekly,10,14,50,5,10,20,2.0,30.0,15.0,0.2,10,90,100,2.0,0.5,2.0,10,0.25,4,-0.619141125842816,-0.0025986246635253795,-0.4984602361344292,6,0.25,-0.309570562921408
NZDCHF_X_weekly,20,10,50,5,14,14,2.0,25.0,15.0,0.1,10,90,200,2.0,2.0,1.5,30,1.0,4,-0.6356567866474704,-0.007889134961097307,-2.4366773236397266,6,0.25,-0.3178283933237352
NZDCHF_X_weekly,14,10,100,5,20,14,4.0,30.0,20.0,0.05,15,85,200,1.0,1.0,3.0,10,0.25,4,-0.9111316880747061,-0.006785810300680487,-0.8322929185273299,5,0.0,-0.0
NZDCHF_X_weekly,14,14,50,3,14,10,4.0,20.0,20.0,0.2,5,85,200,1.0,0.5,3.0,10,1.0,4,-0.5636376012286997,-0.0014817098279937455,-0.34009208751417547,5,0.25,-0.28181880061434983
NZDCHF_X_weekly,20,20,50,5,14,14,3.0,20.0,18.0,0.2,10,90,100,2.0,1.0,3.0,20,0.5,4,-0.6100925145472611,-0.0039101792270062104,-0.8113485828903231,5,0.25,-0.30504625727363055
NZDJPY_X_weekly,10,20,50,3,10,14,4.0,25.0,18.0,0.2,5,85,200,1.5,1.0,1.5,20,0.25,4,0.42493549907055433,0.010150742688778427,-0.8191152075686736,5,0.75,0.6374032486058315
NZDJPY_X_weekly,20,20,50,3,14,10,2.0,20.0,15.0,0.05,15,85,200,1.5,1.0,3.0,20,0.25,4,0.297590624760612,0.0046536697415361684,-0.5462074931550104,5,0.5,0.297590624760612
NZDJPY_X_weekly,10,10,50,5,20,20,2.0,30.0,20.0,0.1,5,85,100,1.5,2.0,3.0,30,0.25,4,-0.2482830755283825,0.0004461278687743738,-1.9920793144539708,5,0.5,-0.2482830755283825
NZDJPY_X_weekly,10,20,100,3,10,20,2.0,25.0,20.0,0.1,15,85,200,1.5,2.0,3.0,10,0.5,4,0.21819157696197194,0.006917646088403673,-1.1460962272172497,5,0.25,0.10909578848098597
NZDJPY_X_weekly,20,20,50,5,14,20,4.0,25.0,15.0,0.2,10,95,200,1.5,0.5,2.0,10,0.5,4,-0.17436635884634594,0.001677353523907186,-0.5997771230022413,7,0.5,-0.17436635884634594
NZDJPY_X_weekly,20,10,200,5,20,20,2.0,20.0,15.0,0.1,5,85,100,1.0,0.5,1.5,20,1.0,4,-0.06832950297425155,0.0005666595730419884,-0.7361757981545923,8,0.5,-0.06832950297425155
NZDJPY_X_weekly,10,20,50,3,14,20,4.0,20.0,15.0,0.2,10,90,200,1.5,0.5,2.0,20,1.0,4,0.33735114968919083,0.0038357239645730257,-0.34650543242955467,5,0.5,0.33735114968919083
NZDJPY_X_weekly,14,20,50,5,10,20,2.0,20.0,20.0,0.1,15,85,200,1.0,2.0,3.0,10,0.25,4,-0.18360961491928945,-0.0008616107871795508,-2.3989119607794143,8,0.5,-0.18360961491928945
NZDJPY_X_weekly,14,20,50,5,14,14,2.0,25.0,20.0,0.05,5,95,100,1.0,1.0,1.5,10,0.25,4,0.0010309215366811342,0.0033597865599525444,-1.505692224536715,7,0.5,0.0010309215366811342
NZDJPY_X_weekly,14,14,200,5,10,14,4.0,25.0,15.0,0.1,5,90,100,1.0,2.0,1.5,10,0.25,4,-0.006912819850882018,0.006205059160240172,-2.8405448307960244,8,0.5,-0.006912819850882018
NZDJPY_X_weekly,10,14,50,5,10,14,2.0,20.0,15.0,0.1,15,90,200,1.0,2.0,2.0,30,1.0,4,0.014827165229127581,0.005886940320684516,-2.7434447777840316,8,0.5,0.014827165229127581
NZDJPY_X_weekly,20,10,50,5,10,20,3.0,20.0,15.0,0.1,15,95,200,1.5,1.0,3.0,30,0.5,4,-0.11732060795021146,-3.0326902515753762e-05,-1.110677606542949,7,0.5,-0.11732060795021146
NZDJPY_X_weekly,10,14,50,5,20,10,3.0,25.0,20.0,0.2,15,90,100,1.0,1.0,2.0,30,0.5,4,-0.024945389401040435,0.0033846320963511977,-1.2044407923217106,6,0.5,-0.024945389401040435
NZDJPY_X_weekly,20,20,50,5,20,14,3.0,25.0,15.0,0.1,10,95,200,1.5,2.0,1.5,30,0.25,4,0.009249987837218338,0.008351659218694522,-2.9055079204474223,7,0.5,0.009249987837218338
NZDJPY_X_weekly,10,14,200,3,14,20,2.0,25.0,20.0,0.2,15,95,100,1.0,2.0,2.0,10,0.5,4,0.24121957316042922,0.015027411409136538,-1.4978603220153617,5,0.5,0.24121957316042922
NZDJPY_X_weekly,20,20,50,3,10,14,3.0,25.0,20.0,0.1,10,85,100,2.0,2.0,3.0,10,0.25,4,0.3514194553100364,0.010457655813665315,-1.1460962272172497,5,0.5,0.3514194553100364
NZDJPY_X_weekly,10,14,50,3,10,10,4.0,20.0,20.0,0.05,15,90,100,2.0,2.0,2.0,20,0.25,4,0.1662710895275134,0.013693021253980534,-1.828361766216629,6,0.5,0.1662710895275134
NZDJPY_X_weekly,10,14,200,2,10,14,3.0,30.0,20.0,0.2,15,85,200,1.5,0.5,3.0,10,1.0,4,0.4549890840529426,0.0030645910583019034,-0.4722445624598873,6,0.75,0.6824836260794138
NZDJPY_X_weekly,14,10,200,2,10,10,3.0,30.0,20.0,0.2,10,90,200,1.0,2.0,1.5,10,1.0,4,0.4267790333672853,0.019444726840947713,-1.8333075793129878,5,0.75,0.640168550050928
NZDJPY_X_weekly,14,14,50,5,10,20,3.0,20.0,15.0,0.05,5,90,200,2.0,1.0,2.0,10,1.0,4,-0.11883028617042506,0.0015389395889887506,-1.5017724207083016,10,0.5,-0.11883028617042506
NZDJPY_X_weekly,10,10,200,5,20,10,4.0,30.0,18.0,0.2,15,90,200,1.0,1.0,1.5,30,0.25,4,-0.22915815322751348,0.0012561750436926107,-1.3367923052629664,6,0.5,-0.22915815322751348
NZDJPY_X_weekly,20,14,100,5,20,20,2.0,20.0,18.0,0.1,10,90,200,1.0,2.0,3.0,30,0.5,4,-0.1733393297868211,0.00012582890882254123,-2.132120231031037,6,0.5,-0.1733393297868211
NZDJPY_X_weekly,10,10,100,3,10,10,2.0,25.0,20.0,0.2,5,90,100,1.0,2.0,3.0,20,0.5,4,0.35021081599916787,0.010490007202379683,-1.1324630742809412,5,0.5,0.35021081599916787
NZDJPY_X_weekly,20,14,50,3,14,10,3.0,25.0,20.0,0.05,5,95,200,2.0,1.0,3.0,10,0.5,4,0.18564431090090197,0.004307731743413842,-0.5779826628726678,5,0.5,0.18564431090090197
NZDJPY_X_weekly,20,20,50,5,10,20,2.0,25.0,15.0,0.1,5,85,200,2.0,1.0,3.0,20,0.25,4,-0.12366580336397742,0.0007704901530977619,-1.043797950594747,7,0.5,-0.12366580336397742
NZDJPY_X_weekly,20,20,200,3,10,14,3.0,20.0,18.0,0.1,10,90,100,2.0,1.0,1.5,10,0.5,4,0.39736074851188297,0.00954137623556985,-0.8984411485393813,6,0.75,0.5960411227678244
NZDJPY_X_weekly,10,14,50,5,10,20,2.0,30.0,15.0,0.2,10,90,100,2.0,0.5,2.0,10,0.25,4,0.03354311303838525,0.002185967574175993,-0.6522537294280809,8,0.5,0.03354311303838525
NZDJPY_X_weekly,20,10,50,5,14,14,2.0,25.0,15.0,0.1,10,90,200,2.0,2.0,1.5,30,1.0,4,-0.08119153447116534,0.0017238207406824581,-3.0164935344306896,7,0.5,-0.08119153447116534
NZDJPY_X_weekly,14,10,100,5,20,14,4.0,30.0,20.0,0.05,15,85,200,1.0,1.0,3.0,10,0.25,4,-0.27681101378023537,0.0006455080689743223,-1.0581757072215197,6,0.5,-0.27681101378023537
NZDJPY_X_weekly,14,14,50,3,14,10,4.0,20.0,20.0,0.2,5,85,200,1.0,0.5,3.0,10,1.0,4,0.29860670379598375,0.002288253892442708,-0.28190780569156604,6,0.5,0.29860670379598375
NZDJPY_X_weekly,20,10,100,5,10,14,2.0,20.0,20.0,0.1,5,90,200,1.5,0.5,3.0,30,0.5,4,-0.11562014453844291,-0.00015515127005151042,-0.5376324529593794,7,0.5,-0.11562014453844291
NZDJPY_X_weekly,10,10,200,5,20,20,3.0,25.0,15.0,0.1,5,90,100,2.0,0.5,2.0,20,0.5,4,-0.12002378649943896,0.0012999958490574044,-0.6693035473986929,7,0.5,-0.12002378649943896
NZDJPY_X_weekly,20,20,50,5,14,14,3.0,20.0,18.0,0.2,10,90,100,2.0,1.0,3.0,20,0.5,4,-0.18125447106337456,0.0002934228778966369,-1.043797950594747,7,0.5,-0.18125447106337456
NZDUSD_X_weekly,20,10,200,5,20,20,2.0,20.0,15.0,0.1,5,85,100,1.0,0.5,1.5,20,1.0,4,0.039189124988826166,1.658689368423433e-05,-0.4291931663932349,5,0.25,0.019594562494413083
NZDUSD_X_weekly,14,20,50,5,10,20,2.0,20.0,20.0,0.1,15,85,200,1.0,2.0,3.0,10,0.25,4,-0.027914932320122432,-0.0019191765168782241,-1.4223289653476243,5,0.25,-0.013957466160061216
NZDUSD_X_weekly,14,20,50,5,14,14,2.0,25.0,20.0,0.05,5,95,100,1.0,1.0,1.5,10,0.25,4,0.09239555207766573,0.005514532089386603,-0.6711354096308879,5,0.25,0.04619777603883286
NZDUSD_X_weekly,10,14,50,5,10,14,2.0,20.0,15.0,0.1,15,90,200,1.0,2.0,2.0,30,1.0,4,0.11747175289670253,0.005859871921777312,-1.8712208494267843,7,0.25,0.058735876448351265
NZDUSD_X_weekly,20,10,50,5,10,20,3.0,20.0,15.0,0.1,15,95,200,1.5,1.0,3.0,30,0.5,4,-0.23444944194833928,-0.0028966365588265035,-0.8923497297832927,5,0.0,-0.0
NZDUSD_X_weekly,14,14,50,5,10,20,3.0,20.0,15.0,0.05,5,90,200,2.0,1.0,2.0,10,1.0,4,0.030428968374816137,-0.00019565020437798926,-0.9658348529828553,6,0.25,0.015214484187408069
NZDUSD_X_weekly,10,14,50,5,10,20,2.0,30.0,15.0,0.2,10,90,100,2.0,0.5,2.0,10,0.25,4,0.1808199680567576,0.0020423200497671585,-0.3705897135119345,5,0.5,0.1808199680567576
NZDUSD_X_weekly,20,10,50,5,14,14,2.0,25.0,15.0,0.1,10,90,200,2.0,2.0,1.5,30,1.0,4,0.08383467473002756,0.009908553720479132,-1.3057686694627901,5,0.25,0.04191733736501378
NZDUSD_X_weekly,20,10,100,5,10,14,2.0,20.0,20.0,0.1,5,90,200,1.5,0.5,3.0,30,0.5,4,-0.20394975176107683,-0.0013560909298952991,-0.4263880872815137,5,0.0,-0.0
PA_F_weekly,14,14,200,5,10,14,4.0,25.0,15.0,0.1,5,90,100,1.0,2.0,1.5,10,0.25,4,-0.06875114392737942,0.009778232337665121,-1.8895256187205487,6,0.25,-0.03437557196368971
PA_F_weekly,10,14,50,5,10,14,2.0,20.0,15.0,0.1,15,90,200,1.0,2.0,2.0,30,1.0,4,0.5359438065794615,0.020501696292613267,-1.5990330394004912,6,0.75,0.8039157098691923
PA_F_weekly,20,10,50,5,14,14,2.0,25.0,15.0,0.1,10,90,200,2.0,2.0,1.5,30,1.0,4,0.30667094730585104,0.01295333125680413,-1.4644081936099536,5,0.75,0.46000642095877653
PL_F_weekly,14,20,50,5,10,20,2.0,20.0,20.0,0.1,15,85,200,1.0,2.0,3.0,10,0.25,4,-0.09312064697510644,0.0014990124246546661,-1.1638912045905125,5,0.25,-0.04656032348755322
PL_F_weekly,10,14,50,5,10,14,2.0,20.0,15.0,0.1,15,90,200,1.0,2.0,2.0,30,1.0,4,0.6659191840411428,0.02561437496392923,-1.2520867923240624,8,0.75,0.9988787760617142
PL_F_weekly,14,14,50,5,10,20,3.0,20.0,15.0,0.05,5,90,200,2.0,1.0,2.0,10,1.0,4,0.24655411206493288,0.006032208269407192,-0.6729167113436193,5,0.25,0.12327705603246644
RB_F_weekly,10,20,50,3,10,14,4.0,25.0,18.0,0.2,5,85,200,1.5,1.0,1.5,20,0.25,4,-0.4371358925971737,-0.0028174251270374493,-0.9950088360515812,5,0.25,-0.21856794629858686
RB_F_weekly,20,10,200,5,20,20,2.0,20.0,15.0,0.1,5,85,100,1.0,0.5,1.5,20,1.0,4,0.012177482852894994,0.0031312684547614936,-0.6479186782862861,8,0.5,0.012177482852894994
RB_F_weekly,14,20,50,5,10,20,2.0,20.0,20.0,0.1,15,85,200,1.0,2.0,3.0,10,0.25,4,-0.6409642631239325,-0.018962278434838574,-2.2880623900810844,5,0.0,-0.0
RB_F_weekly,14,20,50,5,14,14,2.0,25.0,20.0,0.05,5,95,100,1.0,1.0,1.5,10,0.25,4,0.27676843580276983,0.009451027299021416,-1.1698310019173848,6,0.5,0.27676843580276983
RB_F_weekly,14,14,200,5,10,14,4.0,25.0,15.0,0.1,5,90,100,1.0,2.0,1.5,10,0.25,4,-0.05110010526463507,0.009352199338576568,-2.775244368129049,7,0.5,-0.05110010526463507
RB_F_weekly,10,14,50,5,10,14,2.0,20.0,15.0,0.1,15,90,200,1.0,2.0,2.0,30,1.0,4,0.6579269073818976,0.03398769568887083,-2.4907205103169554,8,0.5,0.6579269073818976
RB_F_weekly,10,14,50,5,20,10,3.0,25.0,20.0,0.2,15,90,100,1.0,1.0,2.0,30,0.5,4,0.19636933623787872,0.010246563180376006,-1.07583092749667,5,0.5,0.19636933623787872
RB_F_weekly,20,20,50,5,20,14,3.0,25.0,15.0,0.1,10,95,200,1.5,2.0,1.5,30,0.25,4,0.7763521273894994,0.050659518761239815,-2.1053323990348325,6,0.75,1.164528191084249
RB_F_weekly,10,14,50,3,10,10,4.0,20.0,20.0,0.05,15,90,100,2.0,2.0,2.0,20,0.25,4,-0.3901613802916307,-0.011366109749720181,-1.9546598955722891,5,0.0,-0.0
RB_F_weekly,14,14,50,5,10,20,3.0,20.0,15.0,0.05,5,90,200,2.0,1.0,2.0,10,1.0,4,0.6759374120301095,0.01817474341868192,-1.2985198607810327,6,0.5,0.6759374120301095
RB_F_weekly,10,10,200,5,20,10,4.0,30.0,18.0,0.2,15,90,200,1.0,1.0,1.5,30,0.25,4,0.177671258187946,0.00953175684803723,-1.0173828617935634,5,0.5,0.177671258187946
RB_F_weekly,20,14,100,5,20,20,2.0,20.0,18.0,0.1,10,90,200,1.0,2.0,3.0,30,0.5,4,-0.7588192034679055,-0.01883458315451844,-2.2632359493644234,5,0.0,-0.0
RB_F_weekly,20,10,50,5,14,14,2.0,25.0,15.0,0.1,10,90,200,2.0,2.0,1.5,30,1.0,4,0.3054119533491219,0.01960665377378186,-2.269373038844695,6,0.5,0.3054119533491219
RB_F_weekly,20,10,100,5,10,14,2.0,20.0,20.0,0.1,5,90,200,1.5,0.5,3.0,30,0.5,4,-0.664748945280259,-0.0046937074388223666,-0.5645502225626247,5,0.0,-0.0
SI_F_weekly,20,20,50,5,14,20,4.0,25.0,15.0,0.2,10,95,200,1.5,0.5,2.0,10,0.5,4,-0.2794490826927344,-0.001790941086057637,-0.467990088123331,5,0.5,-0.2794490826927344
SI_F_weekly,20,10,200,5,20,20,2.0,20.0,15.0,0.1,5,85,100,1.0,0.5,1.5,20,1.0,4,-0.28368963410764003,-0.0026974450179671292,-0.6072358108467615,6,0.0,-0.0
SI_F_weekly,14,20,50,5,10,20,2.0,20.0,20.0,0.1,15,85,200,1.0,2.0,3.0,10,0.25,4,-0.6342660999415185,-0.013099057577750955,-1.8049034141502447,5,0.0,-0.0
SI_F_weekly,14,20,50,5,14,14,2.0,25.0,20.0,0.05,5,95,100,1.0,1.0,1.5,10,0.25,4,-0.11172467994848646,-0.002435208177916865,-1.0719178522736765,6,0.5,-0.11172467994848646
SI_F_weekly,14,14,200,5,10,14,4.0,25.0,15.0,0.1,5,90,100,1.0,2.0,1.5,10,0.25,4,-0.29249838878852524,-0.0037032474157842445,-2.1229509466826126,5,0.5,-0.29249838878852524
SI_F_weekly,10,14,50,5,10,14,2.0,20.0,15.0,0.1,15,90,200,1.0,2.0,2.0,30,1.0,4,0.09491476184449148,0.00353558262301076,-2.1415917380883314,5,0.5,0.09491476184449148
SI_F_weekly,14,14,50,5,10,20,3.0,20.0,15.0,0.05,5,90,200,2.0,1.0,2.0,10,1.0,4,-0.3786426262258898,-0.004948784828460657,-1.1387810209171367,5,0.25,-0.1893213131129449
SI_F_weekly,20,10,50,5,14,14,2.0,25.0,15.0,0.1,10,90,200,2.0,2.0,1.5,30,1.0,4,-0.09936700923824149,-0.004804963715394935,-2.103991129295134,6,0.5,-0.09936700923824149
USDCAD_X_weekly,14,20,50,5,10,20,2.0,20.0,20.0,0.1,15,85,200,1.0,2.0,3.0,10,0.25,4,0.19167386578321136,0.004934575238020216,-1.7186914958727768,6,0.25,0.09583693289160568
USDCAD_X_weekly,14,14,200,5,10,14,4.0,25.0,15.0,0.1,5,90,100,1.0,2.0,1.5,10,0.25,4,-0.26246885732607783,-0.006037445985385148,-1.5919207237248978,5,0.25,-0.13123442866303892
USDCAD_X_weekly,10,14,50,5,10,14,2.0,20.0,15.0,0.1,15,90,200,1.0,2.0,2.0,30,1.0,4,0.022431979732244256,-0.0008079922627763155,-1.7196077939345988,6,0.5,0.022431979732244256
USDCAD_X_weekly,20,10,50,5,10,20,3.0,20.0,15.0,0.1,15,95,200,1.5,1.0,3.0,30,0.5,4,0.12377636341423529,0.002025634087923709,-0.8750780319335829,5,0.5,0.12377636341423529
USDCAD_X_weekly,20,20,50,5,20,14,3.0,25.0,15.0,0.1,10,95,200,1.5,2.0,1.5,30,0.25,4,0.006998306580485114,0.004065584272433534,-2.0233502013941767,5,0.25,0.003499153290242557
USDCAD_X_weekly,14,14,50,5,10,20,3.0,20.0,15.0,0.05,5,90,200,2.0,1.0,2.0,10,1.0,4,-0.43946415325754873,-0.005830716051988339,-1.2515244986483416,7,0.5,-0.43946415325754873
USDCAD_X_weekly,20,20,50,5,10,20,2.0,25.0,15.0,0.1,5,85,200,2.0,1.0,3.0,20,0.25,4,0.10385336681425093,0.0014447447218311482,-0.8389222678268815,5,0.5,0.10385336681425093
USDCAD_X_weekly,20,10,100,5,10,14,2.0,20.0,20.0,0.1,5,90,200,1.5,0.5,3.0,30,0.5,4,0.04528175979996313,0.0006804257852578302,-0.45561897650454836,5,0.5,0.04528175979996313
USDCAD_X_weekly,20,20,50,5,14,14,3.0,20.0,18.0,0.2,10,90,100,2.0,1.0,3.0,20,0.5,4,0.14763504169146982,0.0019127287882198289,-0.8193754500120387,5,0.5,0.14763504169146982
USDJPY_X_weekly,14,20,50,5,10,20,2.0,20.0,20.0,0.1,15,85,200,1.0,2.0,3.0,10,0.25,4,0.23197688359336033,0.005627917908204063,-0.9041947687593496,5,0.5,0.23197688359336033
USDJPY_X_weekly,14,14,50,5,10,20,3.0,20.0,15.0,0.05,5,90,200,2.0,1.0,2.0,10,1.0,4,0.2910219243551093,0.004415120461054994,-0.5232234993176433,5,0.5,0.2910219243551093
USDJPY_X_weekly,20,20,200,3,10,14,3.0,20.0,18.0,0.1,10,90,100,2.0,1.0,1.5,10,0.5,4,-0.00032485810945145216,-5.811421312037053e-05,-0.575926356123031,5,0.25,-0.00016242905472572608
ZC_F_weekly,14,20,50,5,10,20,2.0,20.0,20.0,0.1,15,85,200,1.0,2.0,3.0,10,0.25,4,0.6370504167049965,0.03814295403411834,-2.3773824025705603,6,0.5,0.6370504167049965
ZC_F_weekly,10,14,50,5,10,14,2.0,20.0,15.0,0.1,15,90,200,1.0,2.0,2.0,30,1.0,4,-0.2728600406059844,0.0023855459650400468,-2.570659939475231,7,0.25,-0.1364300203029922
ZC_F_weekly,20,10,50,5,10,20,3.0,20.0,15.0,0.1,15,95,200,1.5,1.0,3.0,30,0.5,4,0.14047164094952333,0.013685222522433834,-1.3584003258088924,5,0.5,0.14047164094952333
ZC_F_weekly,10,14,50,5,20,10,3.0,25.0,20.0,0.2,15,90,100,1.0,1.0,2.0,30,0.5,4,0.5525741062585398,0.0313943512490303,-1.2528638626695001,5,0.5,0.5525741062585398
ZC_F_weekly,20,20,50,5,20,14,3.0,25.0,15.0,0.1,10,95,200,1.5,2.0,1.5,30,0.25,4,0.8629884893268998,0.09893655901476736,-2.40122604141433,5,0.75,1.2944827339903497
ZC_F_weekly,10,14,50,3,10,10,4.0,20.0,20.0,0.05,15,90,100,2.0,2.0,2.0,20,0.25,4,0.5062957715929468,0.05794839618570536,-2.1265336169913445,5,0.5,0.5062957715929468
ZC_F_weekly,14,14,50,5,10,20,3.0,20.0,15.0,0.05,5,90,200,2.0,1.0,2.0,10,1.0,4,0.7302725241804107,0.03174655004076799,-1.3114397640549917,8,0.75,1.095408786270616
ZC_F_weekly,20,20,50,5,14,14,3.0,20.0,18.0,0.2,10,90,100,2.0,1.0,3.0,20,0.5,4,0.25664829680246637,0.017168390054742987,-1.1561160454608803,5,0.5,0.25664829680246637
ZM_F_weekly,20,20,50,5,14,20,4.0,25.0,15.0,0.2,10,95,200,1.5,0.5,2.0,10,0.5,4,0.5074569572910118,0.006998796875889365,-0.4354138605349069,5,0.5,0.5074569572910118
ZM_F_weekly,20,10,200,5,20,20,2.0,20.0,15.0,0.1,5,85,100,1.0,0.5,1.5,20,1.0,4,0.3825695079321921,0.00927899101932835,-0.4605616737224337,6,0.5,0.3825695079321921
ZM_F_weekly,14,20,50,5,10,20,2.0,20.0,20.0,0.1,15,85,200,1.0,2.0,3.0,10,0.25,4,0.2894876377070958,0.014223638167893798,-2.2280744431357,6,0.5,0.2894876377070958
ZM_F_weekly,14,14,200,5,10,14,4.0,25.0,15.0,0.1,5,90,100,1.0,2.0,1.5,10,0.25,4,0.19960311227920535,0.03627622302237687,-2.5388841731330993,7,0.25,0.09980155613960268
ZM_F_weekly,10,14,50,5,10,14,2.0,20.0,15.0,0.1,15,90,200,1.0,2.0,2.0,30,1.0,4,0.452266255053488,0.02821962030344507,-2.728839584120421,9,0.5,0.452266255053488
ZM_F_weekly,20,10,50,5,10,20,3.0,20.0,15.0,0.1,15,95,200,1.5,1.0,3.0,30,0.5,4,0.18697701862655647,0.006072157428893434,-1.0899323876396387,6,0.5,0.18697701862655647
ZM_F_weekly,10,14,50,3,10,10,4.0,20.0,20.0,0.05,15,90,100,2.0,2.0,2.0,20,0.25,4,0.6157786063356449,0.03419939932154907,-2.205012944015367,5,0.75,0.9236679095034672
ZM_F_weekly,14,14,50,5,10,20,3.0,20.0,15.0,0.05,5,90,200,2.0,1.0,2.0,10,1.0,4,0.4353539569900739,0.015355671846996665,-1.3826745340095126,9,0.5,0.4353539569900739
ZM_F_weekly,20,14,100,5,20,20,2.0,20.0,18.0,0.1,10,90,200,1.0,2.0,3.0,30,0.5,4,0.3235328565613502,0.015259217699535522,-2.136126946212923,5,0.5,0.3235328565613502
ZM_F_weekly,20,20,50,5,10,20,2.0,25.0,15.0,0.1,5,85,200,2.0,1.0,3.0,20,0.25,4,0.2397110657477589,0.007090408616097647,-0.9923768182035815,6,0.5,0.2397110657477589
ZM_F_weekly,20,20,200,3,10,14,3.0,20.0,18.0,0.1,10,90,100,2.0,1.0,1.5,10,0.5,4,0.6618695235178087,0.026451259363502413,-0.8197803194078208,5,0.5,0.6618695235178087
ZM_F_weekly,20,10,50,5,14,14,2.0,25.0,15.0,0.1,10,90,200,2.0,2.0,1.5,30,1.0,4,0.6685661622873909,0.056843697790387525,-2.341519405081867,5,0.75,1.0028492434310863
ZM_F_weekly,20,20,50,5,14,14,3.0,20.0,18.0,0.2,10,90,100,2.0,1.0,3.0,20,0.5,4,0.27750624984351346,0.007756819841140941,-0.9290629004751298,5,0.5,0.27750624984351346
ZS_F_weekly,14,14,100,2,20,20,4.0,20.0,20.0,0.05,10,90,100,1.0,2.0,1.5,30,1.0,4,-0.11590921425079839,-0.0019283003653554716,-1.3469221254916408,5,0.25,-0.057954607125399196
ZS_F_weekly,20,10,100,2,20,20,4.0,20.0,18.0,0.2,10,95,200,2.0,2.0,2.0,30,0.25,4,-0.2666114085715038,-0.004948838151595509,-1.2493690149881673,5,0.25,-0.1333057042857519
ZS_F_weekly,14,20,50,5,14,14,2.0,25.0,20.0,0.05,5,95,100,1.0,1.0,1.5,10,0.25,4,0.5807311473608745,0.0153350772327316,-0.9235805189833248,7,0.75,0.8710967210413118
ZS_F_weekly,10,14,50,5,10,14,2.0,20.0,15.0,0.1,15,90,200,1.0,2.0,2.0,30,1.0,4,0.3238590390152777,0.01253722990790384,-1.6183981112331582,7,0.75,0.4857885585229165
ZS_F_weekly,10,14,50,5,20,10,3.0,25.0,20.0,0.2,15,90,100,1.0,1.0,2.0,30,0.5,4,0.01538608816174887,-0.0007540892654627441,-0.6715384971000808,7,0.25,0.007693044080874435
ZS_F_weekly,20,20,50,5,20,14,3.0,25.0,15.0,0.1,10,95,200,1.5,2.0,1.5,30,0.25,4,0.18782685027608023,0.00804905500713685,-1.7909437021070262,7,0.5,0.18782685027608023
ZS_F_weekly,20,14,50,2,20,20,4.0,20.0,18.0,0.05,15,85,200,1.0,2.0,1.5,30,0.5,4,-0.11590921425079839,-0.0019283003653554716,-1.3469221254916408,5,0.25,-0.057954607125399196
ZS_F_weekly,10,14,100,2,20,20,2.0,20.0,15.0,0.2,15,95,200,1.5,1.0,1.5,30,0.25,4,-0.13024814848551813,-0.001206023073302686,-0.6787883690606863,5,0.25,-0.06512407424275907
ZS_F_weekly,20,20,100,3,20,10,2.0,25.0,15.0,0.2,15,85,100,1.5,1.0,2.0,30,0.25,4,-0.06557916308539878,-0.0017039026178700168,-0.572823863785625,6,0.25,-0.03278958154269939
ZS_F_weekly,20,10,50,5,14,14,2.0,25.0,15.0,0.1,10,90,200,2.0,2.0,1.5,30,1.0,4,0.42946914370122835,0.021738212870612457,-1.8203345071084955,7,0.75,0.6442037155518425
ZS_F_weekly,14,10,100,3,20,10,2.0,20.0,15.0,0.1,15,95,200,1.5,2.0,2.0,30,1.0,4,-0.10471703507340506,-0.004468163172126833,-1.4475683605837357,6,0.25,-0.05235851753670253
ZS_F_weekly,20,14,100,3,20,14,2.0,30.0,20.0,0.05,10,85,200,2.0,1.0,1.5,30,0.25,4,-0.004888082220244214,0.00022374750918629626,-0.5904573674622446,5,0.25,-0.002444041110122107
ZW_F_weekly,14,14,200,5,10,14,4.0,25.0,15.0,0.1,5,90,100,1.0,2.0,1.5,10,0.25,4,0.5392008093946115,0.019886035344527136,-2.365276010298909,9,1.0,1.078401618789223
ZW_F_weekly,10,14,50,5,10,14,2.0,20.0,15.0,0.1,15,90,200,1.0,2.0,2.0,30,1.0,4,0.4399981680333114,0.0175461878194471,-2.3513708060980405,8,1.0,0.8799963360666228
ZW_F_weekly,10,14,50,3,10,10,4.0,20.0,20.0,0.05,15,90,100,2.0,2.0,2.0,20,0.25,4,0.3268070251360622,0.011744241809722007,-1.7261227276691278,5,0.75,0.4902105377040933
ZW_F_weekly,14,14,50,5,10,20,3.0,20.0,15.0,0.05,5,90,200,2.0,1.0,2.0,10,1.0,4,0.2948287674713058,0.006481447387223489,-0.9927458583219206,7,0.75,0.44224315120695873
ZW_F_weekly,20,20,200,3,10,14,3.0,20.0,18.0,0.1,10,90,100,2.0,1.0,1.5,10,0.5,4,0.48777860780070914,0.007750262250927063,-0.6643401746610277,5,0.75,0.7316679117010637
_RUT_weekly,14,14,200,5,10,14,4.0,25.0,15.0,0.1,5,90,100,1.0,2.0,1.5,10,0.25,4,0.7249409888052813,0.028706420339755047,-1.7224828797800207,7,0.75,1.087411483207922
_RUT_weekly,10,14,50,5,10,14,2.0,20.0,15.0,0.1,15,90,200,1.0,2.0,2.0,30,1.0,4,0.9934592100250261,0.038676638257063814,-1.5729205821616787,6,1.0,1.9869184200500523
_RUT_weekly,20,20,50,5,20,14,3.0,25.0,15.0,0.1,10,95,200,1.5,2.0,1.5,30,0.25,4,0.28975343553857685,0.014239926388890808,-1.8185061564886777,7,0.5,0.28975343553857685
_RUT_weekly,10,14,50,3,10,10,4.0,20.0,20.0,0.05,15,90,100,2.0,2.0,2.0,20,0.25,4,0.25197459399032746,0.018722149200610737,-1.947753963839748,5,0.5,0.25197459399032746
_RUT_weekly,20,10,50,2,14,14,4.0,20.0,20.0,0.2,10,95,200,1.0,2.0,1.5,10,1.0,4,0.29359537465504765,0.023016269054421126,-1.7757585883402296,5,0.5,0.29359537465504765
_RUT_weekly,20,10,50,5,14,14,2.0,25.0,15.0,0.1,10,90,200,2.0,2.0,1.5,30,1.0,4,0.9433807333103532,0.04408363224382797,-1.8747395565229947,6,0.75,1.4150710999655298
_XAU_weekly,20,20,50,5,14,20,4.0,25.0,15.0,0.2,10,95,200,1.5,0.5,2.0,10,0.5,4,0.02858232854613592,0.0002727505129536439,-0.46659012181132803,5,0.25,0.01429116427306796
_XAU_weekly,20,10,200,5,20,20,2.0,20.0,15.0,0.1,5,85,100,1.0,0.5,1.5,20,1.0,4,-0.29994585043001637,-0.0022856007713638517,-0.7339082860041617,9,0.25,-0.14997292521500818
_XAU_weekly,10,20,50,3,14,20,4.0,20.0,15.0,0.2,10,90,200,1.5,0.5,2.0,20,1.0,4,-0.2738946394154044,-0.0017435183098813466,-0.5325627397875035,5,0.0,-0.0
_XAU_weekly,14,20,200,2,14,10,2.0,20.0,20.0,0.2,5,95,200,2.0,1.0,2.0,10,1.0,4,-0.47624593036270213,-0.0034371333975838298,-0.814213190277497,5,0.25,-0.23812296518135107
_XAU_weekly,14,20,50,5,14,14,2.0,25.0,20.0,0.05,5,95,100,1.0,1.0,1.5,10,0.25,4,-0.32717125032223227,-0.004267644219643307,-1.4634751315416712,8,0.5,-0.32717125032223227
_XAU_weekly,14,14,200,5,10,14,4.0,25.0,15.0,0.1,5,90,100,1.0,2.0,1.5,10,0.25,4,-0.19891185797809036,-0.003652952681285295,-2.3689059688304583,6,0.5,-0.19891185797809036
_XAU_weekly,10,14,50,5,10,14,2.0,20.0,15.0,0.1,15,90,200,1.0,2.0,2.0,30,1.0,4,-0.2280434435528963,-0.0005711982924916804,-3.1892308679663293,7,0.25,-0.11402172177644815
_XAU_weekly,10,14,50,5,20,10,3.0,25.0,20.0,0.2,15,90,100,1.0,1.0,2.0,30,0.5,4,0.04009077081902654,0.0035806118248863186,-1.2784717506340133,6,0.5,0.04009077081902654
_XAU_weekly,20,20,50,5,20,14,3.0,25.0,15.0,0.1,10,95,200,1.5,2.0,1.5,30,0.25,4,-0.5815096904640482,-0.013592800240434964,-3.159368017392767,9,0.25,-0.2907548452320241
_XAU_weekly,10,14,50,3,10,10,4.0,20.0,20.0,0.05,15,90,100,2.0,2.0,2.0,20,0.25,4,-0.5453159385945856,-0.013595880523089136,-2.7912571765850895,6,0.25,-0.2726579692972928
_XAU_weekly,14,14,50,5,10,20,3.0,20.0,15.0,0.05,5,90,200,2.0,1.0,2.0,10,1.0,4,-0.35103768910297906,-0.0036760193357460594,-1.5662324591437773,7,0.25,-0.17551884455148953
_XAU_weekly,10,10,200,5,20,10,4.0,30.0,18.0,0.2,15,90,200,1.0,1.0,1.5,30,0.25,4,-0.5797482671348194,-0.0054956567839180934,-1.3498410629760886,8,0.25,-0.2898741335674097
_XAU_weekly,20,20,100,3,20,10,2.0,25.0,15.0,0.2,15,85,100,1.5,1.0,2.0,30,0.25,4,-0.5577067734398818,-0.004502868245732679,-1.1596128840210056,6,0.0,-0.0
_XAU_weekly,20,20,200,3,10,14,3.0,20.0,18.0,0.1,10,90,100,2.0,1.0,1.5,10,0.5,4,-0.9178106935538651,-0.010584539026535323,-1.5385631641704234,7,0.0,-0.0
_XAU_weekly,20,10,50,2,14,14,4.0,20.0,20.0,0.2,10,95,200,1.0,2.0,1.5,10,1.0,4,-0.4552769070218169,-0.008614449183732813,-1.9855812897545606,5,0.25,-0.22763845351090845
_XAU_weekly,20,10,50,5,14,14,2.0,25.0,15.0,0.1,10,90,200,2.0,2.0,1.5,30,1.0,4,-0.20098154794909395,-0.006556581415695609,-2.5845326695338904,7,0.5,-0.20098154794909395
_XAU_weekly,14,10,100,3,20,10,2.0,20.0,15.0,0.1,15,95,200,1.5,2.0,2.0,30,1.0,4,-0.2619479498811564,-0.007936307990542946,-2.292287737092343,5,0.0,-0.0
_XAU_weekly,10,10,200,5,20,20,3.0,25.0,15.0,0.1,5,90,100,2.0,0.5,2.0,20,0.5,4,0.00417162453636688,0.0012464354602809632,-0.5806578723259025,6,0.5,0.00417162453636688
_XAU_weekly,20,14,100,3,20,14,2.0,30.0,20.0,0.05,10,85,200,2.0,1.0,1.5,30,0.25,4,-0.9954925863162266,-0.009112957794643627,-1.1879041103615708,6,0.0,-0.0
